time_s,stable_fraction,neutral_fraction,upward_fraction,mean_inverse_length,median_stable_L,mean_zeta,max_zeta,mean_phi_m,mean_phi_h,mean_inverse_phi_m,mean_inverse_phi_h
0,0,1,0,0,NaN,0,0,1,1,1,1
600,1,0,0,0.000123680241,8013.551507,0.001546003012,0.002430676068,1.014841629,1.024117648,0.9853873835,0.9764810502
1200,1,0,0,0.0003500880231,2856.835208,0.004376100288,0.004864904622,1.042010565,1.068267167,0.9596865879,0.9361037985
1800,1,0,0,0.0008035035241,1245.574917,0.01004379405,0.01064586686,1.096420426,1.156683192,0.9120637458,0.8645518781
2400,1,0,0,0.001390110627,710.5708868,0.01737638284,0.0195850298,1.166813284,1.271071578,0.8571083573,0.7868874271
3000,1,0,0,0.002062322126,484.8768685,0.02577902658,0.02793162712,1.247478663,1.402152825,0.8016436757,0.7132387824
3600,1,0,0,0.002679034574,374.3216935,0.03348793217,0.03605868842,1.321484167,1.522411753,0.7567500715,0.6568959177
4200,1,0,0,0.003445157176,290.5707849,0.0430644647,0.04668548063,1.413418881,1.671805668,0.707552167,0.5982319463
4800,1,0,0,0.00415322465,240.2931888,0.05191530813,0.05558917182,1.498386978,1.809878826,0.6674334634,0.552596807
5400,1,0,0,0.004688980534,213.007212,0.05861225668,0.06256208871,1.562677683,1.914351226,0.6399675888,0.5224281848
6000,1,0,0,0.005049403787,197.9415267,0.06311754734,0.06834631786,1.605928476,1.984633764,0.6227414093,0.5039394192
6600,1,0,0,0.005514002058,182.1126876,0.06892502573,0.07614954957,1.66168027,2.07523043,0.6019198806,0.4820358176
7200,1,0,0,0.006157764027,161.858404,0.07697205034,0.08447211003,1.738931704,2.200764012,0.5751370974,0.4544806519
7800,1,0,0,0.006549048054,152.5252206,0.08186310068,0.08732868009,1.785885789,2.277064406,0.5599882308,0.4392153975
8400,1,0,0,0.006381527574,157.6523451,0.07976909467,0.08909933385,1.765783332,2.244397909,0.5664268105,0.4456896843
9000,1,0,0,0.006394105687,157.3306072,0.07992632109,0.08849511505,1.767292703,2.246850642,0.5659164718,0.4451690022
9600,1,0,0,0.00627463119,159.9336331,0.07843288988,0.0879250234,1.752955765,2.223553111,0.5705850526,0.449885598
10200,1,0,0,0.006317634155,157.5913871,0.07897042694,0.08527181926,1.758116122,2.231938689,0.5689023101,0.4481853105
10800,1,0,0,0.006737810741,148.5574751,0.08422263426,0.09128893726,1.808537311,2.313873129,0.5529871977,0.4322440972
11400,1,0,0,0.007050335376,141.8097198,0.0881291922,0.09707135614,1.846040269,2.374815433,0.5417768865,0.4211806258
12000,1,0,0,0.006623171917,150.6919038,0.08278964896,0.09278282523,1.794780652,2.291518554,0.5572590836,0.4365034249
12600,1,0,0,0.006618700104,151.9020135,0.0827337513,0.08993897354,1.794244036,2.290646552,0.5573889099,0.4366227106
13200,1,0,0,0.00676041861,148.2664313,0.08450523263,0.09622651851,1.811250256,2.318281659,0.55221128,0.4314878851
13800,1,0,0,0.006649164031,150.2023099,0.08311455039,0.09140786715,1.797899702,2.296587018,0.5563399848,0.4356004247
14400,1,0,0,0.006546684986,153.1423679,0.08183356233,0.0899182749,1.785602221,2.276603603,0.5600851271,0.4393143489
15000,1,0,0,0.006636897451,149.7156073,0.08296121814,0.09330951143,1.796427716,2.294195033,0.5568963419,0.4361821825
15600,1,0,0,0.006729347202,149.5015054,0.08411684002,0.0935211021,1.807521687,2.312222736,0.5533332623,0.4325970273
16200,1,0,0,0.006619565056,151.4974648,0.0827445632,0.09418401751,1.794347827,2.290815219,0.5575102094,0.4367853611
16800,1,0,0,0.006481411021,153.6959358,0.08101763776,0.09327898733,1.777769344,2.263875179,0.5628412643,0.4421537129
17400,1,0,0,0.006251220866,161.029998,0.07814026082,0.08664843626,1.750146527,2.218988097,0.5714541499,0.4507507128
18000,1,0,0,0.00628090338,159.3970293,0.07851129225,0.08777905023,1.753708428,2.22477619,0.5702915495,0.4495756184
18600,1,0,0,0.006170731477,162.1608562,0.07713414346,0.08455513162,1.740487798,2.203292668,0.5746138844,0.4539471917
19200,1,0,0,0.006318301032,158.7161585,0.07897876291,0.08858348592,1.758196147,2.23206873,0.5688990326,0.4481880848
19800,1,0,0,0.006024896927,166.8256788,0.07531121158,0.08356914623,1.722987656,2.17485493,0.5804388034,0.4598684068
20400,1,0,0,0.006344274577,158.6167867,0.07930343221,0.08850647719,1.761312971,2.237133573,0.5678461648,0.4471135731
21000,1,0,0,0.006264210068,159.7606265,0.07830262585,0.08658288862,1.751705235,2.221520995,0.5709284286,0.4502146182
21600,1,0,0,0.006234471046,160.8262984,0.07793088807,0.08574135718,1.748136547,2.215721883,0.5721121719,0.4514166725
22200,1,0,0,0.006445853472,155.6863618,0.0805731684,0.09065268096,1.77350244,2.256941458,0.5639775257,0.4432330709
22800,1,0,0,0.006551943795,152.9985812,0.08189929744,0.09092993569,1.786233278,2.277629069,0.5599230258,0.4391619891
23400,1,0,0,0.006627916029,151.5482971,0.08284895036,0.09358609095,1.795349947,2.292443656,0.5571535635,0.4364171342
24000,1,0,0,0.006852495417,146.2052918,0.08565619271,0.09504837799,1.822299473,2.336236636,0.5488278223,0.4281271634
24600,1,0,0,0.00689727835,145.7797823,0.08621597938,0.09414665983,1.827673425,2.344969317,0.5472401367,0.4265651837
25200,1,0,0,0.006713618233,149.3922772,0.08392022791,0.09457970154,1.805634209,2.309155583,0.5539749255,0.4332514954
25800,1,0,0,0.006889313453,145.6150992,0.08611641816,0.09546288638,1.826717635,2.343416161,0.5475546242,0.4268832401
26400,1,0,0,0.007118247528,140.0007934,0.0889780941,0.09878228884,1.854189725,2.388058298,0.5394035771,0.4188546522
27000,1,0,0,0.007315851002,136.5471108,0.09144813753,0.1007353072,1.877902148,2.426590981,0.5326262593,0.4122441253
27600,1,0,0,0.006911420476,145.0346972,0.08639275595,0.0988281914,1.82937048,2.347727023,0.5468472583,0.4262075187
28200,1,0,0,0.00711638557,140.3519558,0.08895481963,0.09775675135,1.853966291,2.387695222,0.539513093,0.4189735164
28800,1,0,0,0.007407385923,134.6963295,0.09259232404,0.1025416306,1.888886343,2.444440293,0.5295148973,0.4092163299
29400,1,0,0,0.007642605793,131.0993617,0.09553257241,0.1032896107,1.917112737,2.490308167,0.5216764476,0.4016273944
30000,1,0,0,0.00766096052,130.7406916,0.0957620065,0.1072834595,1.919315304,2.493887334,0.5210915297,0.4010674324
30600,1,0,0,0.007196138448,138.9261434,0.0899517306,0.09819063125,1.863536639,2.403247035,0.5366975701,0.4162064876
31200,1,0,0,0.007271749364,138.2557374,0.09089686704,0.1000663964,1.872609947,2.417991165,0.5340816012,0.4136491455
31800,1,0,0,0.00745945539,133.8562284,0.09324319237,0.100136688,1.895134679,2.454593835,0.527728104,0.4074736493
32400,1,0,0,0.007420805169,135.1953044,0.09276006462,0.1001971308,1.890496649,2.447057041,0.5290178712,0.4087226484
