time_s,z_m,variable,value,location
28800.0,6.25,buoyancy_mean,0.0022079902337281965,Center
28800.0,18.75,buoyancy_mean,0.007653970969840884,Center
28800.0,31.25,buoyancy_mean,0.011379961855709553,Center
28800.0,43.75,buoyancy_mean,0.014466630294919014,Center
28800.0,56.25,buoyancy_mean,0.01716453256085515,Center
28800.0,68.75,buoyancy_mean,0.01969361212104559,Center
28800.0,81.25,buoyancy_mean,0.02218158356845379,Center
28800.0,93.75,buoyancy_mean,0.024592889472842216,Center
28800.0,106.25,buoyancy_mean,0.02716696448624134,Center
28800.0,118.75,buoyancy_mean,0.02972491178661585,Center
28800.0,131.25,buoyancy_mean,0.03247155714780092,Center
28800.0,143.75,buoyancy_mean,0.03561662882566452,Center
28800.0,156.25,buoyancy_mean,0.03926316276192665,Center
28800.0,168.75,buoyancy_mean,0.043622007593512535,Center
28800.0,181.25,buoyancy_mean,0.04885418713092804,Center
28800.0,193.75,buoyancy_mean,0.05631365440785885,Center
28800.0,206.25,buoyancy_mean,0.06711883470416069,Center
28800.0,218.75,buoyancy_mean,0.08011014387011528,Center
28800.0,231.25,buoyancy_mean,0.09226265549659729,Center
28800.0,243.75,buoyancy_mean,0.1021878570318222,Center
28800.0,256.25,buoyancy_mean,0.10951089859008789,Center
28800.0,268.75,buoyancy_mean,0.11464976146817207,Center
28800.0,281.25,buoyancy_mean,0.11854061856865883,Center
28800.0,293.75,buoyancy_mean,0.12242766469717026,Center
28800.0,306.25,buoyancy_mean,0.12706176936626434,Center
28800.0,318.75,buoyancy_mean,0.13211026042699814,Center
28800.0,331.25,buoyancy_mean,0.13699019700288773,Center
28800.0,343.75,buoyancy_mean,0.14177747070789337,Center
28800.0,356.25,buoyancy_mean,0.14657918363809586,Center
28800.0,368.75,buoyancy_mean,0.15080459415912628,Center
28800.0,381.25,buoyancy_mean,0.1535748988389969,Center
28800.0,393.75,buoyancy_mean,0.15540238469839096,Center
28800.0,0.0,density_at_w_faces,1.322311282157898,Face
28800.0,12.5,density_at_w_faces,1.3207802772521973,Face
28800.0,25.0,density_at_w_faces,1.3192499876022339,Face
28800.0,37.5,density_at_w_faces,1.317720651626587,Face
28800.0,50.0,density_at_w_faces,1.316192626953125,Face
28800.0,62.5,density_at_w_faces,1.3146657943725586,Face
28800.0,75.0,density_at_w_faces,1.313139796257019,Face
28800.0,87.5,density_at_w_faces,1.3116148710250854,Face
28800.0,100.0,density_at_w_faces,1.3100910186767578,Face
28800.0,112.5,density_at_w_faces,1.3085682392120361,Face
28800.0,125.0,density_at_w_faces,1.30704665184021,Face
28800.0,137.5,density_at_w_faces,1.3055260181427002,Face
28800.0,150.0,density_at_w_faces,1.3040063381195068,Face
28800.0,162.5,density_at_w_faces,1.302487850189209,Face
28800.0,175.0,density_at_w_faces,1.3009703159332275,Face
28800.0,187.5,density_at_w_faces,1.2994539737701416,Face
28800.0,200.0,density_at_w_faces,1.297938585281372,Face
28800.0,212.5,density_at_w_faces,1.2964246273040771,Face
28800.0,225.0,density_at_w_faces,1.2949113845825195,Face
28800.0,237.5,density_at_w_faces,1.2933990955352783,Face
28800.0,250.0,density_at_w_faces,1.2918879985809326,Face
28800.0,262.5,density_at_w_faces,1.2903778553009033,Face
28800.0,275.0,density_at_w_faces,1.288869023323059,Face
28800.0,287.5,density_at_w_faces,1.2873611450195312,Face
28800.0,300.0,density_at_w_faces,1.2858543395996094,Face
28800.0,312.5,density_at_w_faces,1.284348487854004,Face
28800.0,325.0,density_at_w_faces,1.282843828201294,Face
28800.0,337.5,density_at_w_faces,1.2813401222229004,Face
28800.0,350.0,density_at_w_faces,1.2798376083374023,Face
28800.0,362.5,density_at_w_faces,1.2783358097076416,Face
28800.0,375.0,density_at_w_faces,1.2768354415893555,Face
28800.0,387.5,density_at_w_faces,1.2753361463546753,Face
28800.0,400.0,density_at_w_faces,1.2745866775512695,Face
28800.0,6.25,density_mean,1.3215456008911133,Center
28800.0,18.75,density_mean,1.3200148344039917,Center
28800.0,31.25,density_mean,1.318485140800476,Center
28800.0,43.75,density_mean,1.3169564008712769,Center
28800.0,56.25,density_mean,1.3154289722442627,Center
28800.0,68.75,density_mean,1.313902497291565,Center
28800.0,81.25,density_mean,1.3123770952224731,Center
28800.0,93.75,density_mean,1.3108526468276978,Center
28800.0,106.25,density_mean,1.3093292713165283,Center
28800.0,118.75,density_mean,1.307807207107544,Center
28800.0,131.25,density_mean,1.306286096572876,Center
28800.0,143.75,density_mean,1.3047659397125244,Center
28800.0,156.25,density_mean,1.3032468557357788,Center
28800.0,168.75,density_mean,1.3017289638519287,Center
28800.0,181.25,density_mean,1.3002119064331055,Center
28800.0,193.75,density_mean,1.2986960411071777,Center
28800.0,206.25,density_mean,1.297181248664856,Center
28800.0,218.75,density_mean,1.2956677675247192,Center
28800.0,231.25,density_mean,1.2941550016403198,Center
28800.0,243.75,density_mean,1.2926433086395264,Center
28800.0,256.25,density_mean,1.2911326885223389,Center
28800.0,268.75,density_mean,1.2896231412887573,Center
28800.0,281.25,density_mean,1.2881149053573608,Center
28800.0,293.75,density_mean,1.2866075038909912,Center
28800.0,306.25,density_mean,1.2851011753082275,Center
28800.0,318.75,density_mean,1.2835958003997803,Center
28800.0,331.25,density_mean,1.282091736793518,Center
28800.0,343.75,density_mean,1.2805886268615723,Center
28800.0,356.25,density_mean,1.2790864706039429,Center
28800.0,368.75,density_mean,1.2775853872299194,Center
28800.0,381.25,density_mean,1.276085615158081,Center
28800.0,393.75,density_mean,1.2745866775512695,Center
28800.0,0.0,density_weighted_pressure_tke_flux,0.0,Face
28800.0,12.5,density_weighted_pressure_tke_flux,-0.00371406611520797,Face
28800.0,25.0,density_weighted_pressure_tke_flux,-0.005580074153840542,Face
28800.0,37.5,density_weighted_pressure_tke_flux,-0.004152822541072965,Face
28800.0,50.0,density_weighted_pressure_tke_flux,-0.00463975640013814,Face
28800.0,62.5,density_weighted_pressure_tke_flux,-0.004299573018215597,Face
28800.0,75.0,density_weighted_pressure_tke_flux,-0.0037978431209921837,Face
28800.0,87.5,density_weighted_pressure_tke_flux,-0.0037096800515428185,Face
28800.0,100.0,density_weighted_pressure_tke_flux,-0.0029337387531995773,Face
28800.0,112.5,density_weighted_pressure_tke_flux,-0.0021430226042866707,Face
28800.0,125.0,density_weighted_pressure_tke_flux,-0.0006753240304533392,Face
28800.0,137.5,density_weighted_pressure_tke_flux,0.0008714954674360342,Face
28800.0,150.0,density_weighted_pressure_tke_flux,0.001897370326332748,Face
28800.0,162.5,density_weighted_pressure_tke_flux,0.003182965563610196,Face
28800.0,175.0,density_weighted_pressure_tke_flux,0.004011258599348366,Face
28800.0,187.5,density_weighted_pressure_tke_flux,0.004278716165572405,Face
28800.0,200.0,density_weighted_pressure_tke_flux,0.0037046800134703517,Face
28800.0,212.5,density_weighted_pressure_tke_flux,0.0027010564226657152,Face
28800.0,225.0,density_weighted_pressure_tke_flux,0.0017752213752828538,Face
28800.0,237.5,density_weighted_pressure_tke_flux,0.001109252480091527,Face
28800.0,250.0,density_weighted_pressure_tke_flux,0.0008064865542110056,Face
28800.0,262.5,density_weighted_pressure_tke_flux,0.0007257475808728486,Face
28800.0,275.0,density_weighted_pressure_tke_flux,0.0007165393617469817,Face
28800.0,287.5,density_weighted_pressure_tke_flux,0.0007152734615374357,Face
28800.0,300.0,density_weighted_pressure_tke_flux,0.0007131730089895427,Face
28800.0,312.5,density_weighted_pressure_tke_flux,0.0006967451190575957,Face
28800.0,325.0,density_weighted_pressure_tke_flux,0.0006328447780106217,Face
28800.0,337.5,density_weighted_pressure_tke_flux,0.0005088185571366921,Face
28800.0,350.0,density_weighted_pressure_tke_flux,0.00034167383273597807,Face
28800.0,362.5,density_weighted_pressure_tke_flux,0.00018283653480466455,Face
28800.0,375.0,density_weighted_pressure_tke_flux,6.695171759929508e-5,Face
28800.0,387.5,density_weighted_pressure_tke_flux,1.027055782287789e-5,Face
28800.0,400.0,density_weighted_pressure_tke_flux,0.0,Face
28800.0,0.0,density_weighted_turbulent_tke_flux,0.0,Face
28800.0,12.5,density_weighted_turbulent_tke_flux,-0.0032777581363916397,Face
28800.0,25.0,density_weighted_turbulent_tke_flux,-0.002665557898581028,Face
28800.0,37.5,density_weighted_turbulent_tke_flux,0.0013480836059898138,Face
28800.0,50.0,density_weighted_turbulent_tke_flux,0.0028942713979631662,Face
28800.0,62.5,density_weighted_turbulent_tke_flux,0.004295568680390716,Face
28800.0,75.0,density_weighted_turbulent_tke_flux,0.004372901166789234,Face
28800.0,87.5,density_weighted_turbulent_tke_flux,0.004789570462889969,Face
28800.0,100.0,density_weighted_turbulent_tke_flux,0.00467374233994633,Face
28800.0,112.5,density_weighted_turbulent_tke_flux,0.004027476883493364,Face
28800.0,125.0,density_weighted_turbulent_tke_flux,0.0031589502468705177,Face
28800.0,137.5,density_weighted_turbulent_tke_flux,0.002490061626303941,Face
28800.0,150.0,density_weighted_turbulent_tke_flux,0.0019055591546930373,Face
28800.0,162.5,density_weighted_turbulent_tke_flux,0.001266698818653822,Face
28800.0,175.0,density_weighted_turbulent_tke_flux,0.0007546401320723817,Face
28800.0,187.5,density_weighted_turbulent_tke_flux,0.00014101869601290673,Face
28800.0,200.0,density_weighted_turbulent_tke_flux,-8.269428144558333e-5,Face
28800.0,212.5,density_weighted_turbulent_tke_flux,-5.899021198274568e-5,Face
28800.0,225.0,density_weighted_turbulent_tke_flux,-3.323616056150058e-5,Face
28800.0,237.5,density_weighted_turbulent_tke_flux,-2.1632743937516352e-5,Face
28800.0,250.0,density_weighted_turbulent_tke_flux,-8.854313364281552e-6,Face
28800.0,262.5,density_weighted_turbulent_tke_flux,2.3060274543240666e-6,Face
28800.0,275.0,density_weighted_turbulent_tke_flux,9.463517244512332e-6,Face
28800.0,287.5,density_weighted_turbulent_tke_flux,5.737403480310377e-6,Face
28800.0,300.0,density_weighted_turbulent_tke_flux,-2.1218098282815845e-6,Face
28800.0,312.5,density_weighted_turbulent_tke_flux,-7.278100611074478e-6,Face
28800.0,325.0,density_weighted_turbulent_tke_flux,-6.70971371619089e-6,Face
28800.0,337.5,density_weighted_turbulent_tke_flux,-2.972032007164671e-6,Face
28800.0,350.0,density_weighted_turbulent_tke_flux,4.4604746562981745e-7,Face
28800.0,362.5,density_weighted_turbulent_tke_flux,6.352364039230451e-7,Face
28800.0,375.0,density_weighted_turbulent_tke_flux,-1.3758483241588237e-7,Face
28800.0,387.5,density_weighted_turbulent_tke_flux,1.9157964104010716e-8,Face
28800.0,400.0,density_weighted_turbulent_tke_flux,0.0,Face
28800.0,0.0,pressure_tke_flux,0.0,Face
28800.0,12.5,pressure_tke_flux,-0.0028120229253545403,Face
28800.0,25.0,pressure_tke_flux,-0.004229729995131493,Face
28800.0,37.5,pressure_tke_flux,-0.003151520504616201,Face
28800.0,50.0,pressure_tke_flux,-0.0035251342924311757,Face
28800.0,62.5,pressure_tke_flux,-0.0032704677432775497,Face
28800.0,75.0,pressure_tke_flux,-0.002892186865210533,Face
28800.0,87.5,pressure_tke_flux,-0.002828333410434425,Face
28800.0,100.0,pressure_tke_flux,-0.00223934167297557,Face
28800.0,112.5,pressure_tke_flux,-0.0016376837738789618,Face
28800.0,125.0,pressure_tke_flux,-0.0005166792834643275,Face
28800.0,137.5,pressure_tke_flux,0.000667543317831587,Face
28800.0,150.0,pressure_tke_flux,0.0014550323830917478,Face
28800.0,162.5,pressure_tke_flux,0.0024437615647912025,Face
28800.0,175.0,pressure_tke_flux,0.00308327708626166,Face
28800.0,187.5,pressure_tke_flux,0.003292702487669885,Face
28800.0,200.0,pressure_tke_flux,0.0028542791260406375,Face
28800.0,212.5,pressure_tke_flux,0.002083468541968614,Face
28800.0,225.0,pressure_tke_flux,0.0013709197228308767,Face
28800.0,237.5,pressure_tke_flux,0.0008576263498980552,Face
28800.0,250.0,pressure_tke_flux,0.0006242693052627146,Face
28800.0,262.5,pressure_tke_flux,0.0005624299083137885,Face
28800.0,275.0,pressure_tke_flux,0.0005559443088714033,Face
28800.0,287.5,pressure_tke_flux,0.0005556124378927052,Face
28800.0,300.0,pressure_tke_flux,0.0005546296015381813,Face
28800.0,312.5,pressure_tke_flux,0.0005424885894171894,Face
28800.0,325.0,pressure_tke_flux,0.0004933141608489677,Face
28800.0,337.5,pressure_tke_flux,0.0003970994584960863,Face
28800.0,350.0,pressure_tke_flux,0.00026696644636103883,Face
28800.0,362.5,pressure_tke_flux,0.0001430271404387895,Face
28800.0,375.0,pressure_tke_flux,5.2435623729252256e-5,Face
28800.0,387.5,pressure_tke_flux,8.053223837123369e-6,Face
28800.0,400.0,pressure_tke_flux,0.0,Face
28800.0,0.0,resolved_buoyancy_flux,0.0,Face
28800.0,12.5,resolved_buoyancy_flux,-0.00011189473661943339,Face
28800.0,25.0,resolved_buoyancy_flux,-0.00025719773839227855,Face
28800.0,37.5,resolved_buoyancy_flux,-0.00026926648570224643,Face
28800.0,50.0,resolved_buoyancy_flux,-0.0002748792030615732,Face
28800.0,62.5,resolved_buoyancy_flux,-0.0002698082535061985,Face
28800.0,75.0,resolved_buoyancy_flux,-0.00024837430100888014,Face
28800.0,87.5,resolved_buoyancy_flux,-0.00022683171118842438,Face
28800.0,100.0,resolved_buoyancy_flux,-0.00019722447177628055,Face
28800.0,112.5,resolved_buoyancy_flux,-0.00017065336578525603,Face
28800.0,125.0,resolved_buoyancy_flux,-0.00014630091391154565,Face
28800.0,137.5,resolved_buoyancy_flux,-0.0001231833448400721,Face
28800.0,150.0,resolved_buoyancy_flux,-0.00010275189561070874,Face
28800.0,162.5,resolved_buoyancy_flux,-8.354249075637199e-5,Face
28800.0,175.0,resolved_buoyancy_flux,-6.552506602020003e-5,Face
28800.0,187.5,resolved_buoyancy_flux,-4.2124895117012784e-5,Face
28800.0,200.0,resolved_buoyancy_flux,-1.7706823200569488e-5,Face
28800.0,212.5,resolved_buoyancy_flux,-3.948560397759593e-6,Face
28800.0,225.0,resolved_buoyancy_flux,-2.4790296038190718e-6,Face
28800.0,237.5,resolved_buoyancy_flux,-3.878994903061539e-7,Face
28800.0,250.0,resolved_buoyancy_flux,1.5561579402856296e-6,Face
28800.0,262.5,resolved_buoyancy_flux,1.2940964779772912e-6,Face
28800.0,275.0,resolved_buoyancy_flux,1.2710188457276672e-7,Face
28800.0,287.5,resolved_buoyancy_flux,-8.08146729980308e-7,Face
28800.0,300.0,resolved_buoyancy_flux,-5.686769060098129e-7,Face
28800.0,312.5,resolved_buoyancy_flux,3.528255376750167e-7,Face
28800.0,325.0,resolved_buoyancy_flux,3.8163588556017203e-7,Face
28800.0,337.5,resolved_buoyancy_flux,-4.781725237990031e-8,Face
28800.0,350.0,resolved_buoyancy_flux,-1.0262573368891026e-7,Face
28800.0,362.5,resolved_buoyancy_flux,1.25945433637753e-7,Face
28800.0,375.0,resolved_buoyancy_flux,1.156931239698622e-7,Face
28800.0,387.5,resolved_buoyancy_flux,1.5185984691967747e-9,Face
28800.0,400.0,resolved_buoyancy_flux,0.0,Face
28800.0,6.25,resolved_tke,0.10442329943180084,Center
28800.0,18.75,resolved_tke,0.19115673750638962,Center
28800.0,31.25,resolved_tke,0.24076219648122787,Center
28800.0,43.75,resolved_tke,0.24367733299732208,Center
28800.0,56.25,resolved_tke,0.2325829192996025,Center
28800.0,68.75,resolved_tke,0.2126636505126953,Center
28800.0,81.25,resolved_tke,0.1821744665503502,Center
28800.0,93.75,resolved_tke,0.15683531761169434,Center
28800.0,106.25,resolved_tke,0.1366589143872261,Center
28800.0,118.75,resolved_tke,0.11811557784676552,Center
28800.0,131.25,resolved_tke,0.10155560821294785,Center
28800.0,143.75,resolved_tke,0.08599772676825523,Center
28800.0,156.25,resolved_tke,0.06796408072113991,Center
28800.0,168.75,resolved_tke,0.05307364836335182,Center
28800.0,181.25,resolved_tke,0.043049540370702744,Center
28800.0,193.75,resolved_tke,0.030992344953119755,Center
28800.0,206.25,resolved_tke,0.020040521398186684,Center
28800.0,218.75,resolved_tke,0.012941652443259954,Center
28800.0,231.25,resolved_tke,0.008988854009658098,Center
28800.0,243.75,resolved_tke,0.0060910440515726805,Center
28800.0,256.25,resolved_tke,0.004421272431500256,Center
28800.0,268.75,resolved_tke,0.003565929247997701,Center
28800.0,281.25,resolved_tke,0.003010150045156479,Center
28800.0,293.75,resolved_tke,0.0026548877358436584,Center
28800.0,306.25,resolved_tke,0.0027900661807507277,Center
28800.0,318.75,resolved_tke,0.002802190894726664,Center
28800.0,331.25,resolved_tke,0.002331063849851489,Center
28800.0,343.75,resolved_tke,0.001716783212032169,Center
28800.0,356.25,resolved_tke,0.0012648329138755798,Center
28800.0,368.75,resolved_tke,0.0011733958090189844,Center
28800.0,381.25,resolved_tke,0.0013007507077418268,Center
28800.0,393.75,resolved_tke,0.001378153043333441,Center
28800.0,6.25,resolved_tke_buoyancy_production,-5.5947368309716694e-5,Center
28800.0,18.75,resolved_tke_buoyancy_production,-0.00018454626115271822,Center
28800.0,31.25,resolved_tke_buoyancy_production,-0.0002632321557030082,Center
28800.0,43.75,resolved_tke_buoyancy_production,-0.00027207290986552835,Center
28800.0,56.25,resolved_tke_buoyancy_production,-0.0002723440411500633,Center
28800.0,68.75,resolved_tke_buoyancy_production,-0.0002590915173641406,Center
28800.0,81.25,resolved_tke_buoyancy_production,-0.00023760308977216482,Center
28800.0,93.75,resolved_tke_buoyancy_production,-0.00021202814241405576,Center
28800.0,106.25,resolved_tke_buoyancy_production,-0.0001839389733504504,Center
28800.0,118.75,resolved_tke_buoyancy_production,-0.00015847710892558098,Center
28800.0,131.25,resolved_tke_buoyancy_production,-0.00013474206207320094,Center
28800.0,143.75,resolved_tke_buoyancy_production,-0.00011296756565570831,Center
28800.0,156.25,resolved_tke_buoyancy_production,-9.31472604861483e-5,Center
28800.0,168.75,resolved_tke_buoyancy_production,-7.453384387190454e-5,Center
28800.0,181.25,resolved_tke_buoyancy_production,-5.382500785344746e-5,Center
28800.0,193.75,resolved_tke_buoyancy_production,-2.991588644363219e-5,Center
28800.0,206.25,resolved_tke_buoyancy_production,-1.0827689948200714e-5,Center
28800.0,218.75,resolved_tke_buoyancy_production,-3.2137887160388345e-6,Center
28800.0,231.25,resolved_tke_buoyancy_production,-1.433464035471843e-6,Center
28800.0,243.75,resolved_tke_buoyancy_production,5.841303618581151e-7,Center
28800.0,256.25,resolved_tke_buoyancy_production,1.4251275395338325e-6,Center
28800.0,268.75,resolved_tke_buoyancy_production,7.106013129032362e-7,Center
28800.0,281.25,resolved_tke_buoyancy_production,-3.4052101227644016e-7,Center
28800.0,293.75,resolved_tke_buoyancy_production,-6.884123742167958e-7,Center
28800.0,306.25,resolved_tke_buoyancy_production,-1.0792660987135605e-7,Center
28800.0,318.75,resolved_tke_buoyancy_production,3.6723042740050005e-7,Center
28800.0,331.25,resolved_tke_buoyancy_production,1.6690955817466602e-7,Center
28800.0,343.75,resolved_tke_buoyancy_production,-7.52216919863713e-8,Center
28800.0,356.25,resolved_tke_buoyancy_production,1.1661427379294764e-8,Center
28800.0,368.75,resolved_tke_buoyancy_production,1.2081930478302638e-7,Center
28800.0,381.25,resolved_tke_buoyancy_production,5.860570895244166e-8,Center
28800.0,393.75,resolved_tke_buoyancy_production,7.592974582415479e-10,Center
28800.0,6.25,resolved_tke_pressure_transport,0.00022483146312879398,Center
28800.0,18.75,resolved_tke_pressure_transport,0.0001130902164732106,Center
28800.0,31.25,resolved_tke_pressure_transport,-8.659943705424666e-5,Center
28800.0,43.75,resolved_tke_pressure_transport,2.957927085844858e-5,Center
28800.0,56.25,resolved_tke_pressure_transport,-2.0688428776338696e-5,Center
28800.0,68.75,resolved_tke_pressure_transport,-3.054915964639804e-5,Center
28800.0,81.25,resolved_tke_pressure_transport,-5.374188276618952e-6,Center
28800.0,93.75,resolved_tke_pressure_transport,-4.735490438179113e-5,Center
28800.0,106.25,resolved_tke_pressure_transport,-4.831300611840561e-5,Center
28800.0,118.75,resolved_tke_pressure_transport,-8.978070218290668e-5,Center
28800.0,131.25,resolved_tke_pressure_transport,-9.473080717725679e-5,Center
28800.0,143.75,resolved_tke_pressure_transport,-6.29001842753496e-5,Center
28800.0,156.25,resolved_tke_pressure_transport,-7.891652239777613e-5,Center
28800.0,168.75,resolved_tke_pressure_transport,-5.090389367978787e-5,Center
28800.0,181.25,resolved_tke_pressure_transport,-1.6456408047815785e-5,Center
28800.0,193.75,resolved_tke_pressure_transport,3.536079657351365e-5,Center
28800.0,206.25,resolved_tke_pressure_transport,6.189542909851298e-5,Center
28800.0,218.75,resolved_tke_pressure_transport,5.716506802855292e-5,Center
28800.0,231.25,resolved_tke_pressure_transport,4.116777017770801e-5,Center
28800.0,243.75,resolved_tke_pressure_transport,1.8737840036919806e-5,Center
28800.0,256.25,resolved_tke_pressure_transport,5.002640818929649e-6,Center
28800.0,268.75,resolved_tke_pressure_transport,5.711946187147987e-7,Center
28800.0,281.25,resolved_tke_pressure_transport,7.860757023081533e-8,Center
28800.0,293.75,resolved_tke_pressure_transport,1.306521539845562e-7,Center
28800.0,306.25,resolved_tke_pressure_transport,1.0226897018128511e-6,Center
28800.0,318.75,resolved_tke_pressure_transport,3.982542068570183e-6,Center
28800.0,331.25,resolved_tke_pressure_transport,7.738958856862155e-6,Center
28800.0,343.75,resolved_tke_pressure_transport,1.0441783160786144e-5,Center
28800.0,356.25,resolved_tke_pressure_transport,9.934410172718344e-6,Center
28800.0,368.75,resolved_tke_pressure_transport,7.256492153828731e-6,Center
28800.0,381.25,resolved_tke_pressure_transport,3.5534366134015727e-6,Center
28800.0,393.75,resolved_tke_pressure_transport,6.446371827451003e-7,Center
28800.0,6.25,resolved_tke_shear_production,0.0005123675073264167,Center
28800.0,18.75,resolved_tke_shear_production,0.00199026643531397,Center
28800.0,31.25,resolved_tke_shear_production,0.0027745531406253576,Center
28800.0,43.75,resolved_tke_shear_production,0.0023572739446535707,Center
28800.0,56.25,resolved_tke_shear_production,0.0019407689105719328,Center
28800.0,68.75,resolved_tke_shear_production,0.0015988540835678577,Center
28800.0,81.25,resolved_tke_shear_production,0.001303511206060648,Center
28800.0,93.75,resolved_tke_shear_production,0.0010650645999703556,Center
28800.0,106.25,resolved_tke_shear_production,0.0008875411003828049,Center
28800.0,118.75,resolved_tke_shear_production,0.0007332645473070443,Center
28800.0,131.25,resolved_tke_shear_production,0.0005920938274357468,Center
28800.0,143.75,resolved_tke_shear_production,0.000478862741147168,Center
28800.0,156.25,resolved_tke_shear_production,0.00035886077967006713,Center
28800.0,168.75,resolved_tke_shear_production,0.00023502056137658656,Center
28800.0,181.25,resolved_tke_shear_production,0.00012194218288641423,Center
28800.0,193.75,resolved_tke_shear_production,2.3453338144463487e-5,Center
28800.0,206.25,resolved_tke_shear_production,-3.382868908374803e-5,Center
28800.0,218.75,resolved_tke_shear_production,-4.642212388716871e-5,Center
28800.0,231.25,resolved_tke_shear_production,-3.4799083550751675e-5,Center
28800.0,243.75,resolved_tke_shear_production,-1.681042022028123e-5,Center
28800.0,256.25,resolved_tke_shear_production,-4.423854761625989e-6,Center
28800.0,268.75,resolved_tke_shear_production,4.17367182592443e-7,Center
28800.0,281.25,resolved_tke_shear_production,1.1401490951357118e-6,Center
28800.0,293.75,resolved_tke_shear_production,8.381111058497481e-7,Center
28800.0,306.25,resolved_tke_shear_production,5.049503926102261e-7,Center
28800.0,318.75,resolved_tke_shear_production,-1.8732556839040626e-8,Center
28800.0,331.25,resolved_tke_shear_production,-5.566796161815546e-7,Center
28800.0,343.75,resolved_tke_shear_production,-5.880220044218731e-7,Center
28800.0,356.25,resolved_tke_shear_production,-1.0176090903257773e-7,Center
28800.0,368.75,resolved_tke_shear_production,1.6620202814010554e-7,Center
28800.0,381.25,resolved_tke_shear_production,7.97910031380411e-8,Center
28800.0,393.75,resolved_tke_shear_production,1.223768042457607e-8,Center
28800.0,6.25,resolved_tke_transport,0.0004232509818393737,Center
28800.0,18.75,resolved_tke_transport,7.598747106385417e-5,Center
28800.0,31.25,resolved_tke_transport,-0.00033013001666404307,Center
28800.0,43.75,resolved_tke_transport,-6.434573151636869e-5,Center
28800.0,56.25,resolved_tke_transport,-0.0001059106580214575,Center
28800.0,68.75,resolved_tke_transport,-3.525778629409615e-5,Center
28800.0,81.25,resolved_tke_transport,-3.07734571833862e-5,Center
28800.0,93.75,resolved_tke_transport,-4.028592957183719e-5,Center
28800.0,106.25,resolved_tke_transport,-8.82643143995665e-6,Center
28800.0,118.75,resolved_tke_transport,-3.6651562368206214e-5,Center
28800.0,131.25,resolved_tke_transport,-5.376660783440457e-5,Center
28800.0,143.75,resolved_tke_transport,-2.7061970286013093e-5,Center
28800.0,156.25,resolved_tke_transport,-3.969995850638952e-5,Center
28800.0,168.75,resolved_tke_transport,-1.9434613477642415e-5,Center
28800.0,181.25,resolved_tke_transport,2.129880508050519e-5,Center
28800.0,193.75,resolved_tke_transport,4.91415303258691e-5,Center
28800.0,206.25,resolved_tke_transport,6.0433610997279175e-5,Center
28800.0,218.75,resolved_tke_transport,5.5574902035004925e-5,Center
28800.0,231.25,resolved_tke_transport,4.045044261147268e-5,Center
28800.0,243.75,resolved_tke_transport,1.7947003016161034e-5,Center
28800.0,256.25,resolved_tke_transport,4.311137018930822e-6,Center
28800.0,268.75,resolved_tke_transport,1.2719237929559313e-7,Center
28800.0,281.25,resolved_tke_transport,3.1002628020360135e-7,Center
28800.0,293.75,resolved_tke_transport,6.193294410650196e-7,Center
28800.0,306.25,resolved_tke_transport,1.343679343790427e-6,Center
28800.0,318.75,resolved_tke_transport,3.947116454128263e-6,Center
28800.0,331.25,resolved_tke_transport,7.505733719881391e-6,Center
28800.0,343.75,resolved_tke_transport,1.0228258361166809e-5,Center
28800.0,356.25,resolved_tke_transport,9.922579920385033e-6,Center
28800.0,368.75,resolved_tke_transport,7.304896826099139e-6,Center
28800.0,381.25,resolved_tke_transport,3.543613729561912e-6,Center
28800.0,393.75,resolved_tke_transport,6.458394068431517e-7,Center
28800.0,6.25,resolved_tke_turbulent_transport,0.00019841985340462998,Center
28800.0,18.75,resolved_tke_turbulent_transport,-3.710273995238822e-5,Center
28800.0,31.25,resolved_tke_turbulent_transport,-0.00024353039771085605,Center
28800.0,43.75,resolved_tke_turbulent_transport,-9.392498031957075e-5,Center
28800.0,56.25,resolved_tke_turbulent_transport,-8.522220923623536e-5,Center
28800.0,68.75,resolved_tke_turbulent_transport,-4.708585038315505e-6,Center
28800.0,81.25,resolved_tke_turbulent_transport,-2.5399354854016565e-5,Center
28800.0,93.75,resolved_tke_turbulent_transport,7.06889710500036e-6,Center
28800.0,106.25,resolved_tke_turbulent_transport,3.948658377339598e-5,Center
28800.0,118.75,resolved_tke_turbulent_transport,5.312907160259783e-5,Center
28800.0,131.25,resolved_tke_turbulent_transport,4.096409520570887e-5,Center
28800.0,143.75,resolved_tke_turbulent_transport,3.583821307984181e-5,Center
28800.0,156.25,resolved_tke_turbulent_transport,3.921656661987072e-5,Center
28800.0,168.75,resolved_tke_turbulent_transport,3.146931476294412e-5,Center
28800.0,181.25,resolved_tke_turbulent_transport,3.775521145144012e-5,Center
28800.0,193.75,resolved_tke_turbulent_transport,1.3780777862848481e-5,Center
28800.0,206.25,resolved_tke_turbulent_transport,-1.4618806858379685e-6,Center
28800.0,218.75,resolved_tke_turbulent_transport,-1.5901638903415005e-6,Center
28800.0,231.25,resolved_tke_turbulent_transport,-7.172827309886998e-7,Center
28800.0,243.75,resolved_tke_turbulent_transport,-7.908395502909116e-7,Center
28800.0,256.25,resolved_tke_turbulent_transport,-6.915064858503683e-7,Center
28800.0,268.75,resolved_tke_turbulent_transport,-4.4400549370493536e-7,Center
28800.0,281.25,resolved_tke_turbulent_transport,2.314160170158175e-7,Center
28800.0,293.75,resolved_tke_turbulent_transport,4.886783386837124e-7,Center
28800.0,306.25,resolved_tke_turbulent_transport,3.209894003930458e-7,Center
28800.0,318.75,resolved_tke_turbulent_transport,-3.542470106143725e-8,Center
28800.0,331.25,resolved_tke_turbulent_transport,-2.3322392195268549e-7,Center
28800.0,343.75,resolved_tke_turbulent_transport,-2.1353192636297536e-7,Center
28800.0,356.25,resolved_tke_turbulent_transport,-1.1832689050805811e-8,Center
28800.0,368.75,resolved_tke_turbulent_transport,4.839241185550236e-8,Center
28800.0,381.25,resolved_tke_turbulent_transport,-9.826367941556668e-9,Center
28800.0,393.75,resolved_tke_turbulent_transport,1.2024496953699781e-9,Center
28800.0,0.0,resolved_u_w_flux,0.0,Face
28800.0,12.5,resolved_u_w_flux,-0.0130792036652565,Face
28800.0,25.0,resolved_u_w_flux,-0.03719636611640453,Face
28800.0,37.5,resolved_u_w_flux,-0.04448104836046696,Face
28800.0,50.0,resolved_u_w_flux,-0.04547482170164585,Face
28800.0,62.5,resolved_u_w_flux,-0.043538475409150124,Face
28800.0,75.0,resolved_u_w_flux,-0.038752755150198936,Face
28800.0,87.5,resolved_u_w_flux,-0.034163698554039,Face
28800.0,100.0,resolved_u_w_flux,-0.029136428609490395,Face
28800.0,112.5,resolved_u_w_flux,-0.023907055146992207,Face
28800.0,125.0,resolved_u_w_flux,-0.01934049976989627,Face
28800.0,137.5,resolved_u_w_flux,-0.015086621511727571,Face
28800.0,150.0,resolved_u_w_flux,-0.010826345067471266,Face
28800.0,162.5,resolved_u_w_flux,-0.00764481769874692,Face
28800.0,175.0,resolved_u_w_flux,-0.005096269655041397,Face
28800.0,187.5,resolved_u_w_flux,-0.0031470810063183308,Face
28800.0,200.0,resolved_u_w_flux,-0.0021206176606938243,Face
28800.0,212.5,resolved_u_w_flux,-0.0017214120016433299,Face
28800.0,225.0,resolved_u_w_flux,-0.00155781174544245,Face
28800.0,237.5,resolved_u_w_flux,-0.0013922701473347843,Face
28800.0,250.0,resolved_u_w_flux,-0.0012525072670541704,Face
28800.0,262.5,resolved_u_w_flux,-0.0011650858214125037,Face
28800.0,275.0,resolved_u_w_flux,-0.001106033567339182,Face
28800.0,287.5,resolved_u_w_flux,-0.0010382334294263273,Face
28800.0,300.0,resolved_u_w_flux,-0.0009765345021151006,Face
28800.0,312.5,resolved_u_w_flux,-0.0009340230317320675,Face
28800.0,325.0,resolved_u_w_flux,-0.0008780437347013503,Face
28800.0,337.5,resolved_u_w_flux,-0.0007595959177706391,Face
28800.0,350.0,resolved_u_w_flux,-0.0005657314468408003,Face
28800.0,362.5,resolved_u_w_flux,-0.0003265621853643097,Face
28800.0,375.0,resolved_u_w_flux,-0.00012408300244715065,Face
28800.0,387.5,resolved_u_w_flux,-2.312868855369743e-5,Face
28800.0,400.0,resolved_u_w_flux,0.0,Face
28800.0,0.0,resolved_v_w_flux,0.0,Face
28800.0,12.5,resolved_v_w_flux,-0.005817730212584138,Face
28800.0,25.0,resolved_v_w_flux,-0.016907074954360723,Face
28800.0,37.5,resolved_v_w_flux,-0.018138145096600056,Face
28800.0,50.0,resolved_v_w_flux,-0.014477299060672522,Face
28800.0,62.5,resolved_v_w_flux,-0.01050293818116188,Face
28800.0,75.0,resolved_v_w_flux,-0.007199849234893918,Face
28800.0,87.5,resolved_v_w_flux,-0.004104898660443723,Face
28800.0,100.0,resolved_v_w_flux,-0.0008898245287127793,Face
28800.0,112.5,resolved_v_w_flux,0.000936641481530387,Face
28800.0,125.0,resolved_v_w_flux,0.0026436219923198223,Face
28800.0,137.5,resolved_v_w_flux,0.0033786267740651965,Face
28800.0,150.0,resolved_v_w_flux,0.003540684701874852,Face
28800.0,162.5,resolved_v_w_flux,0.0032685588812455535,Face
28800.0,175.0,resolved_v_w_flux,0.0026365723460912704,Face
28800.0,187.5,resolved_v_w_flux,0.0013807130162604153,Face
28800.0,200.0,resolved_v_w_flux,0.00032260717125609517,Face
28800.0,212.5,resolved_v_w_flux,-6.103917257860303e-6,Face
28800.0,225.0,resolved_v_w_flux,5.147909541847184e-5,Face
28800.0,237.5,resolved_v_w_flux,8.413213254243601e-5,Face
28800.0,250.0,resolved_v_w_flux,0.00010173185728490353,Face
28800.0,262.5,resolved_v_w_flux,0.0001072945015039295,Face
28800.0,275.0,resolved_v_w_flux,0.00010867795936064795,Face
28800.0,287.5,resolved_v_w_flux,0.00010543302414589562,Face
28800.0,300.0,resolved_v_w_flux,0.00010309011122444645,Face
28800.0,312.5,resolved_v_w_flux,9.172155478154309e-5,Face
28800.0,325.0,resolved_v_w_flux,7.103806638042443e-5,Face
28800.0,337.5,resolved_v_w_flux,5.8280498706153594e-5,Face
28800.0,350.0,resolved_v_w_flux,5.3283421948435716e-5,Face
28800.0,362.5,resolved_v_w_flux,4.3396326873335056e-5,Face
28800.0,375.0,resolved_v_w_flux,2.7843456336995587e-5,Face
28800.0,387.5,resolved_v_w_flux,1.2112559943489032e-5,Face
28800.0,400.0,resolved_v_w_flux,0.0,Face
28800.0,0.0,resolved_w_theta_flux,0.0,Face
28800.0,12.5,resolved_w_theta_flux,-0.0030099067371338606,Face
28800.0,25.0,resolved_w_theta_flux,-0.006922342581674457,Face
28800.0,37.5,resolved_w_theta_flux,-0.007251631002873182,Face
28800.0,50.0,resolved_w_theta_flux,-0.00740729970857501,Face
28800.0,62.5,resolved_w_theta_flux,-0.007274294272065163,Face
28800.0,75.0,resolved_w_theta_flux,-0.0066996305249631405,Face
28800.0,87.5,resolved_w_theta_flux,-0.006121385842561722,Face
28800.0,100.0,resolved_w_theta_flux,-0.005325067089870572,Face
28800.0,112.5,resolved_w_theta_flux,-0.004610044416040182,Face
28800.0,125.0,resolved_w_theta_flux,-0.0039544322062283754,Face
28800.0,137.5,resolved_w_theta_flux,-0.0033316253684461117,Face
28800.0,150.0,resolved_w_theta_flux,-0.002780902315862477,Face
28800.0,162.5,resolved_w_theta_flux,-0.0022629984887316823,Face
28800.0,175.0,resolved_w_theta_flux,-0.0017766921082511544,Face
28800.0,187.5,resolved_w_theta_flux,-0.0011438631336204708,Face
28800.0,200.0,resolved_w_theta_flux,-0.00048201032041106373,Face
28800.0,212.5,resolved_w_theta_flux,-0.00010834006081950065,Face
28800.0,225.0,resolved_w_theta_flux,-6.84140031808056e-5,Face
28800.0,237.5,resolved_w_theta_flux,-1.1133121006423607e-5,Face
28800.0,250.0,resolved_w_theta_flux,4.24197446591279e-5,Face
28800.0,262.5,resolved_w_theta_flux,3.5428121918812394e-5,Face
28800.0,275.0,resolved_w_theta_flux,3.415187165956013e-6,Face
28800.0,287.5,resolved_w_theta_flux,-2.2321580445350264e-5,Face
28800.0,300.0,resolved_w_theta_flux,-1.5754969147963038e-5,Face
28800.0,312.5,resolved_w_theta_flux,9.641291399020702e-6,Face
28800.0,325.0,resolved_w_theta_flux,1.0454147741256747e-5,Face
28800.0,337.5,resolved_w_theta_flux,-1.3926073734182864e-6,Face
28800.0,350.0,resolved_w_theta_flux,-2.8927961466251872e-6,Face
28800.0,362.5,resolved_w_theta_flux,3.4662864436540985e-6,Face
28800.0,375.0,resolved_w_theta_flux,3.202868768426015e-6,Face
28800.0,387.5,resolved_w_theta_flux,4.194338387719654e-8,Face
28800.0,400.0,resolved_w_theta_flux,0.0,Face
28800.0,0.0,sgs_buoyancy_flux,0.0,Face
28800.0,12.5,sgs_buoyancy_flux,-0.00027784785197582096,Face
28800.0,25.0,sgs_buoyancy_flux,0.0,Face
28800.0,37.5,sgs_buoyancy_flux,0.0,Face
28800.0,50.0,sgs_buoyancy_flux,0.0,Face
28800.0,62.5,sgs_buoyancy_flux,0.0,Face
28800.0,75.0,sgs_buoyancy_flux,0.0,Face
28800.0,87.5,sgs_buoyancy_flux,0.0,Face
28800.0,100.0,sgs_buoyancy_flux,0.0,Face
28800.0,112.5,sgs_buoyancy_flux,0.0,Face
28800.0,125.0,sgs_buoyancy_flux,0.0,Face
28800.0,137.5,sgs_buoyancy_flux,0.0,Face
28800.0,150.0,sgs_buoyancy_flux,0.0,Face
28800.0,162.5,sgs_buoyancy_flux,0.0,Face
28800.0,175.0,sgs_buoyancy_flux,0.0,Face
28800.0,187.5,sgs_buoyancy_flux,0.0,Face
28800.0,200.0,sgs_buoyancy_flux,0.0,Face
28800.0,212.5,sgs_buoyancy_flux,0.0,Face
28800.0,225.0,sgs_buoyancy_flux,0.0,Face
28800.0,237.5,sgs_buoyancy_flux,0.0,Face
28800.0,250.0,sgs_buoyancy_flux,0.0,Face
28800.0,262.5,sgs_buoyancy_flux,0.0,Face
28800.0,275.0,sgs_buoyancy_flux,0.0,Face
28800.0,287.5,sgs_buoyancy_flux,0.0,Face
28800.0,300.0,sgs_buoyancy_flux,0.0,Face
28800.0,312.5,sgs_buoyancy_flux,0.0,Face
28800.0,325.0,sgs_buoyancy_flux,0.0,Face
28800.0,337.5,sgs_buoyancy_flux,0.0,Face
28800.0,350.0,sgs_buoyancy_flux,0.0,Face
28800.0,362.5,sgs_buoyancy_flux,0.0,Face
28800.0,375.0,sgs_buoyancy_flux,0.0,Face
28800.0,387.5,sgs_buoyancy_flux,0.0,Face
28800.0,400.0,sgs_buoyancy_flux,0.0,Face
28800.0,6.25,sgs_tke_buoyancy_production,-0.00013892392598791048,Center
28800.0,18.75,sgs_tke_buoyancy_production,-0.00013892392598791048,Center
28800.0,31.25,sgs_tke_buoyancy_production,0.0,Center
28800.0,43.75,sgs_tke_buoyancy_production,0.0,Center
28800.0,56.25,sgs_tke_buoyancy_production,0.0,Center
28800.0,68.75,sgs_tke_buoyancy_production,0.0,Center
28800.0,81.25,sgs_tke_buoyancy_production,0.0,Center
28800.0,93.75,sgs_tke_buoyancy_production,0.0,Center
28800.0,106.25,sgs_tke_buoyancy_production,0.0,Center
28800.0,118.75,sgs_tke_buoyancy_production,0.0,Center
28800.0,131.25,sgs_tke_buoyancy_production,0.0,Center
28800.0,143.75,sgs_tke_buoyancy_production,0.0,Center
28800.0,156.25,sgs_tke_buoyancy_production,0.0,Center
28800.0,168.75,sgs_tke_buoyancy_production,0.0,Center
28800.0,181.25,sgs_tke_buoyancy_production,0.0,Center
28800.0,193.75,sgs_tke_buoyancy_production,0.0,Center
28800.0,206.25,sgs_tke_buoyancy_production,0.0,Center
28800.0,218.75,sgs_tke_buoyancy_production,0.0,Center
28800.0,231.25,sgs_tke_buoyancy_production,0.0,Center
28800.0,243.75,sgs_tke_buoyancy_production,0.0,Center
28800.0,256.25,sgs_tke_buoyancy_production,0.0,Center
28800.0,268.75,sgs_tke_buoyancy_production,0.0,Center
28800.0,281.25,sgs_tke_buoyancy_production,0.0,Center
28800.0,293.75,sgs_tke_buoyancy_production,0.0,Center
28800.0,306.25,sgs_tke_buoyancy_production,0.0,Center
28800.0,318.75,sgs_tke_buoyancy_production,0.0,Center
28800.0,331.25,sgs_tke_buoyancy_production,0.0,Center
28800.0,343.75,sgs_tke_buoyancy_production,0.0,Center
28800.0,356.25,sgs_tke_buoyancy_production,0.0,Center
28800.0,368.75,sgs_tke_buoyancy_production,0.0,Center
28800.0,381.25,sgs_tke_buoyancy_production,0.0,Center
28800.0,393.75,sgs_tke_buoyancy_production,0.0,Center
28800.0,6.25,sgs_tke_shear_production,0.0021765113342553377,Center
28800.0,18.75,sgs_tke_shear_production,0.0021765113342553377,Center
28800.0,31.25,sgs_tke_shear_production,0.0,Center
28800.0,43.75,sgs_tke_shear_production,0.0,Center
28800.0,56.25,sgs_tke_shear_production,0.0,Center
28800.0,68.75,sgs_tke_shear_production,0.0,Center
28800.0,81.25,sgs_tke_shear_production,0.0,Center
28800.0,93.75,sgs_tke_shear_production,0.0,Center
28800.0,106.25,sgs_tke_shear_production,0.0,Center
28800.0,118.75,sgs_tke_shear_production,0.0,Center
28800.0,131.25,sgs_tke_shear_production,0.0,Center
28800.0,143.75,sgs_tke_shear_production,0.0,Center
28800.0,156.25,sgs_tke_shear_production,0.0,Center
28800.0,168.75,sgs_tke_shear_production,0.0,Center
28800.0,181.25,sgs_tke_shear_production,0.0,Center
28800.0,193.75,sgs_tke_shear_production,0.0,Center
28800.0,206.25,sgs_tke_shear_production,0.0,Center
28800.0,218.75,sgs_tke_shear_production,0.0,Center
28800.0,231.25,sgs_tke_shear_production,0.0,Center
28800.0,243.75,sgs_tke_shear_production,0.0,Center
28800.0,256.25,sgs_tke_shear_production,0.0,Center
28800.0,268.75,sgs_tke_shear_production,0.0,Center
28800.0,281.25,sgs_tke_shear_production,0.0,Center
28800.0,293.75,sgs_tke_shear_production,0.0,Center
28800.0,306.25,sgs_tke_shear_production,0.0,Center
28800.0,318.75,sgs_tke_shear_production,0.0,Center
28800.0,331.25,sgs_tke_shear_production,0.0,Center
28800.0,343.75,sgs_tke_shear_production,0.0,Center
28800.0,356.25,sgs_tke_shear_production,0.0,Center
28800.0,368.75,sgs_tke_shear_production,0.0,Center
28800.0,381.25,sgs_tke_shear_production,0.0,Center
28800.0,393.75,sgs_tke_shear_production,0.0,Center
28800.0,0.0,sgs_u_w_flux,0.0,Face
28800.0,12.5,sgs_u_w_flux,-0.05142521485686302,Face
28800.0,25.0,sgs_u_w_flux,0.0,Face
28800.0,37.5,sgs_u_w_flux,0.0,Face
28800.0,50.0,sgs_u_w_flux,0.0,Face
28800.0,62.5,sgs_u_w_flux,0.0,Face
28800.0,75.0,sgs_u_w_flux,0.0,Face
28800.0,87.5,sgs_u_w_flux,0.0,Face
28800.0,100.0,sgs_u_w_flux,0.0,Face
28800.0,112.5,sgs_u_w_flux,0.0,Face
28800.0,125.0,sgs_u_w_flux,0.0,Face
28800.0,137.5,sgs_u_w_flux,0.0,Face
28800.0,150.0,sgs_u_w_flux,0.0,Face
28800.0,162.5,sgs_u_w_flux,0.0,Face
28800.0,175.0,sgs_u_w_flux,0.0,Face
28800.0,187.5,sgs_u_w_flux,0.0,Face
28800.0,200.0,sgs_u_w_flux,0.0,Face
28800.0,212.5,sgs_u_w_flux,0.0,Face
28800.0,225.0,sgs_u_w_flux,0.0,Face
28800.0,237.5,sgs_u_w_flux,0.0,Face
28800.0,250.0,sgs_u_w_flux,0.0,Face
28800.0,262.5,sgs_u_w_flux,0.0,Face
28800.0,275.0,sgs_u_w_flux,0.0,Face
28800.0,287.5,sgs_u_w_flux,0.0,Face
28800.0,300.0,sgs_u_w_flux,0.0,Face
28800.0,312.5,sgs_u_w_flux,0.0,Face
28800.0,325.0,sgs_u_w_flux,0.0,Face
28800.0,337.5,sgs_u_w_flux,0.0,Face
28800.0,350.0,sgs_u_w_flux,0.0,Face
28800.0,362.5,sgs_u_w_flux,0.0,Face
28800.0,375.0,sgs_u_w_flux,0.0,Face
28800.0,387.5,sgs_u_w_flux,0.0,Face
28800.0,400.0,sgs_u_w_flux,0.0,Face
28800.0,0.0,sgs_v_w_flux,0.0,Face
28800.0,12.5,sgs_v_w_flux,-0.032137783244252205,Face
28800.0,25.0,sgs_v_w_flux,0.0,Face
28800.0,37.5,sgs_v_w_flux,0.0,Face
28800.0,50.0,sgs_v_w_flux,0.0,Face
28800.0,62.5,sgs_v_w_flux,0.0,Face
28800.0,75.0,sgs_v_w_flux,0.0,Face
28800.0,87.5,sgs_v_w_flux,0.0,Face
28800.0,100.0,sgs_v_w_flux,0.0,Face
28800.0,112.5,sgs_v_w_flux,0.0,Face
28800.0,125.0,sgs_v_w_flux,0.0,Face
28800.0,137.5,sgs_v_w_flux,0.0,Face
28800.0,150.0,sgs_v_w_flux,0.0,Face
28800.0,162.5,sgs_v_w_flux,0.0,Face
28800.0,175.0,sgs_v_w_flux,0.0,Face
28800.0,187.5,sgs_v_w_flux,0.0,Face
28800.0,200.0,sgs_v_w_flux,0.0,Face
28800.0,212.5,sgs_v_w_flux,0.0,Face
28800.0,225.0,sgs_v_w_flux,0.0,Face
28800.0,237.5,sgs_v_w_flux,0.0,Face
28800.0,250.0,sgs_v_w_flux,0.0,Face
28800.0,262.5,sgs_v_w_flux,0.0,Face
28800.0,275.0,sgs_v_w_flux,0.0,Face
28800.0,287.5,sgs_v_w_flux,0.0,Face
28800.0,300.0,sgs_v_w_flux,0.0,Face
28800.0,312.5,sgs_v_w_flux,0.0,Face
28800.0,325.0,sgs_v_w_flux,0.0,Face
28800.0,337.5,sgs_v_w_flux,0.0,Face
28800.0,350.0,sgs_v_w_flux,0.0,Face
28800.0,362.5,sgs_v_w_flux,0.0,Face
28800.0,375.0,sgs_v_w_flux,0.0,Face
28800.0,387.5,sgs_v_w_flux,0.0,Face
28800.0,400.0,sgs_v_w_flux,0.0,Face
28800.0,0.0,sgs_w_theta_flux,0.0,Face
28800.0,12.5,sgs_w_theta_flux,-0.007467165589332581,Face
28800.0,25.0,sgs_w_theta_flux,0.0,Face
28800.0,37.5,sgs_w_theta_flux,0.0,Face
28800.0,50.0,sgs_w_theta_flux,0.0,Face
28800.0,62.5,sgs_w_theta_flux,0.0,Face
28800.0,75.0,sgs_w_theta_flux,0.0,Face
28800.0,87.5,sgs_w_theta_flux,0.0,Face
28800.0,100.0,sgs_w_theta_flux,0.0,Face
28800.0,112.5,sgs_w_theta_flux,0.0,Face
28800.0,125.0,sgs_w_theta_flux,0.0,Face
28800.0,137.5,sgs_w_theta_flux,0.0,Face
28800.0,150.0,sgs_w_theta_flux,0.0,Face
28800.0,162.5,sgs_w_theta_flux,0.0,Face
28800.0,175.0,sgs_w_theta_flux,0.0,Face
28800.0,187.5,sgs_w_theta_flux,0.0,Face
28800.0,200.0,sgs_w_theta_flux,0.0,Face
28800.0,212.5,sgs_w_theta_flux,0.0,Face
28800.0,225.0,sgs_w_theta_flux,0.0,Face
28800.0,237.5,sgs_w_theta_flux,0.0,Face
28800.0,250.0,sgs_w_theta_flux,0.0,Face
28800.0,262.5,sgs_w_theta_flux,0.0,Face
28800.0,275.0,sgs_w_theta_flux,0.0,Face
28800.0,287.5,sgs_w_theta_flux,0.0,Face
28800.0,300.0,sgs_w_theta_flux,0.0,Face
28800.0,312.5,sgs_w_theta_flux,0.0,Face
28800.0,325.0,sgs_w_theta_flux,0.0,Face
28800.0,337.5,sgs_w_theta_flux,0.0,Face
28800.0,350.0,sgs_w_theta_flux,0.0,Face
28800.0,362.5,sgs_w_theta_flux,0.0,Face
28800.0,375.0,sgs_w_theta_flux,0.0,Face
28800.0,387.5,sgs_w_theta_flux,0.0,Face
28800.0,400.0,sgs_w_theta_flux,0.0,Face
28800.0,0.0,surface_layer_diffusivity_ρqᵛ,0.0,Face
28800.0,12.5,surface_layer_diffusivity_ρqᵛ,0.0,Face
28800.0,25.0,surface_layer_diffusivity_ρqᵛ,0.0,Face
28800.0,37.5,surface_layer_diffusivity_ρqᵛ,0.0,Face
28800.0,50.0,surface_layer_diffusivity_ρqᵛ,0.0,Face
28800.0,62.5,surface_layer_diffusivity_ρqᵛ,0.0,Face
28800.0,75.0,surface_layer_diffusivity_ρqᵛ,0.0,Face
28800.0,87.5,surface_layer_diffusivity_ρqᵛ,0.0,Face
28800.0,100.0,surface_layer_diffusivity_ρqᵛ,0.0,Face
28800.0,112.5,surface_layer_diffusivity_ρqᵛ,0.0,Face
28800.0,125.0,surface_layer_diffusivity_ρqᵛ,0.0,Face
28800.0,137.5,surface_layer_diffusivity_ρqᵛ,0.0,Face
28800.0,150.0,surface_layer_diffusivity_ρqᵛ,0.0,Face
28800.0,162.5,surface_layer_diffusivity_ρqᵛ,0.0,Face
28800.0,175.0,surface_layer_diffusivity_ρqᵛ,0.0,Face
28800.0,187.5,surface_layer_diffusivity_ρqᵛ,0.0,Face
28800.0,200.0,surface_layer_diffusivity_ρqᵛ,0.0,Face
28800.0,212.5,surface_layer_diffusivity_ρqᵛ,0.0,Face
28800.0,225.0,surface_layer_diffusivity_ρqᵛ,0.0,Face
28800.0,237.5,surface_layer_diffusivity_ρqᵛ,0.0,Face
28800.0,250.0,surface_layer_diffusivity_ρqᵛ,0.0,Face
28800.0,262.5,surface_layer_diffusivity_ρqᵛ,0.0,Face
28800.0,275.0,surface_layer_diffusivity_ρqᵛ,0.0,Face
28800.0,287.5,surface_layer_diffusivity_ρqᵛ,0.0,Face
28800.0,300.0,surface_layer_diffusivity_ρqᵛ,0.0,Face
28800.0,312.5,surface_layer_diffusivity_ρqᵛ,0.0,Face
28800.0,325.0,surface_layer_diffusivity_ρqᵛ,0.0,Face
28800.0,337.5,surface_layer_diffusivity_ρqᵛ,0.0,Face
28800.0,350.0,surface_layer_diffusivity_ρqᵛ,0.0,Face
28800.0,362.5,surface_layer_diffusivity_ρqᵛ,0.0,Face
28800.0,375.0,surface_layer_diffusivity_ρqᵛ,0.0,Face
28800.0,387.5,surface_layer_diffusivity_ρqᵛ,0.0,Face
28800.0,400.0,surface_layer_diffusivity_ρqᵛ,0.0,Face
28800.0,0.0,surface_layer_diffusivity_ρθ,0.0,Face
28800.0,12.5,surface_layer_diffusivity_ρθ,0.6390707790851593,Face
28800.0,25.0,surface_layer_diffusivity_ρθ,0.0,Face
28800.0,37.5,surface_layer_diffusivity_ρθ,0.0,Face
28800.0,50.0,surface_layer_diffusivity_ρθ,0.0,Face
28800.0,62.5,surface_layer_diffusivity_ρθ,0.0,Face
28800.0,75.0,surface_layer_diffusivity_ρθ,0.0,Face
28800.0,87.5,surface_layer_diffusivity_ρθ,0.0,Face
28800.0,100.0,surface_layer_diffusivity_ρθ,0.0,Face
28800.0,112.5,surface_layer_diffusivity_ρθ,0.0,Face
28800.0,125.0,surface_layer_diffusivity_ρθ,0.0,Face
28800.0,137.5,surface_layer_diffusivity_ρθ,0.0,Face
28800.0,150.0,surface_layer_diffusivity_ρθ,0.0,Face
28800.0,162.5,surface_layer_diffusivity_ρθ,0.0,Face
28800.0,175.0,surface_layer_diffusivity_ρθ,0.0,Face
28800.0,187.5,surface_layer_diffusivity_ρθ,0.0,Face
28800.0,200.0,surface_layer_diffusivity_ρθ,0.0,Face
28800.0,212.5,surface_layer_diffusivity_ρθ,0.0,Face
28800.0,225.0,surface_layer_diffusivity_ρθ,0.0,Face
28800.0,237.5,surface_layer_diffusivity_ρθ,0.0,Face
28800.0,250.0,surface_layer_diffusivity_ρθ,0.0,Face
28800.0,262.5,surface_layer_diffusivity_ρθ,0.0,Face
28800.0,275.0,surface_layer_diffusivity_ρθ,0.0,Face
28800.0,287.5,surface_layer_diffusivity_ρθ,0.0,Face
28800.0,300.0,surface_layer_diffusivity_ρθ,0.0,Face
28800.0,312.5,surface_layer_diffusivity_ρθ,0.0,Face
28800.0,325.0,surface_layer_diffusivity_ρθ,0.0,Face
28800.0,337.5,surface_layer_diffusivity_ρθ,0.0,Face
28800.0,350.0,surface_layer_diffusivity_ρθ,0.0,Face
28800.0,362.5,surface_layer_diffusivity_ρθ,0.0,Face
28800.0,375.0,surface_layer_diffusivity_ρθ,0.0,Face
28800.0,387.5,surface_layer_diffusivity_ρθ,0.0,Face
28800.0,400.0,surface_layer_diffusivity_ρθ,0.0,Face
28800.0,0.0,surface_layer_viscosity,0.0,Face
28800.0,12.5,surface_layer_viscosity,0.8500686287879944,Face
28800.0,25.0,surface_layer_viscosity,0.0,Face
28800.0,37.5,surface_layer_viscosity,0.0,Face
28800.0,50.0,surface_layer_viscosity,0.0,Face
28800.0,62.5,surface_layer_viscosity,0.0,Face
28800.0,75.0,surface_layer_viscosity,0.0,Face
28800.0,87.5,surface_layer_viscosity,0.0,Face
28800.0,100.0,surface_layer_viscosity,0.0,Face
28800.0,112.5,surface_layer_viscosity,0.0,Face
28800.0,125.0,surface_layer_viscosity,0.0,Face
28800.0,137.5,surface_layer_viscosity,0.0,Face
28800.0,150.0,surface_layer_viscosity,0.0,Face
28800.0,162.5,surface_layer_viscosity,0.0,Face
28800.0,175.0,surface_layer_viscosity,0.0,Face
28800.0,187.5,surface_layer_viscosity,0.0,Face
28800.0,200.0,surface_layer_viscosity,0.0,Face
28800.0,212.5,surface_layer_viscosity,0.0,Face
28800.0,225.0,surface_layer_viscosity,0.0,Face
28800.0,237.5,surface_layer_viscosity,0.0,Face
28800.0,250.0,surface_layer_viscosity,0.0,Face
28800.0,262.5,surface_layer_viscosity,0.0,Face
28800.0,275.0,surface_layer_viscosity,0.0,Face
28800.0,287.5,surface_layer_viscosity,0.0,Face
28800.0,300.0,surface_layer_viscosity,0.0,Face
28800.0,312.5,surface_layer_viscosity,0.0,Face
28800.0,325.0,surface_layer_viscosity,0.0,Face
28800.0,337.5,surface_layer_viscosity,0.0,Face
28800.0,350.0,surface_layer_viscosity,0.0,Face
28800.0,362.5,surface_layer_viscosity,0.0,Face
28800.0,375.0,surface_layer_viscosity,0.0,Face
28800.0,387.5,surface_layer_viscosity,0.0,Face
28800.0,400.0,surface_layer_viscosity,0.0,Face
28800.0,6.25,theta_mean,263.5603332519531,Center
28800.0,18.75,theta_mean,263.71055603027344,Center
28800.0,31.25,theta_mean,263.8081512451172,Center
28800.0,43.75,theta_mean,263.8876190185547,Center
28800.0,56.25,theta_mean,263.95770263671875,Center
28800.0,68.75,theta_mean,264.0271759033203,Center
28800.0,81.25,theta_mean,264.09320068359375,Center
28800.0,93.75,theta_mean,264.1603240966797,Center
28800.0,106.25,theta_mean,264.23243713378906,Center
28800.0,118.75,theta_mean,264.3003387451172,Center
28800.0,131.25,theta_mean,264.3796081542969,Center
28800.0,143.75,theta_mean,264.4633026123047,Center
28800.0,156.25,theta_mean,264.5598449707031,Center
28800.0,168.75,theta_mean,264.6768035888672,Center
28800.0,181.25,theta_mean,264.81922912597656,Center
28800.0,193.75,theta_mean,265.0218963623047,Center
28800.0,206.25,theta_mean,265.3204803466797,Center
28800.0,218.75,theta_mean,265.67626953125,Center
28800.0,231.25,theta_mean,266.0075988769531,Center
28800.0,243.75,theta_mean,266.2810821533203,Center
28800.0,256.25,theta_mean,266.47984313964844,Center
28800.0,268.75,theta_mean,266.6175231933594,Center
28800.0,281.25,theta_mean,266.7239685058594,Center
28800.0,293.75,theta_mean,266.8347473144531,Center
28800.0,306.25,theta_mean,266.96446228027344,Center
28800.0,318.75,theta_mean,267.1006164550781,Center
28800.0,331.25,theta_mean,267.2331085205078,Center
28800.0,343.75,theta_mean,267.3659973144531,Center
28800.0,356.25,theta_mean,267.49961853027344,Center
28800.0,368.75,theta_mean,267.6183319091797,Center
28800.0,381.25,theta_mean,267.6961669921875,Center
28800.0,393.75,theta_mean,267.74745178222656,Center
28800.0,6.25,theta_variance,0.003883013385348022,Center
28800.0,18.75,theta_variance,0.007709030760452151,Center
28800.0,31.25,theta_variance,0.007151240250095725,Center
28800.0,43.75,theta_variance,0.007379773538559675,Center
28800.0,56.25,theta_variance,0.007741843583062291,Center
28800.0,68.75,theta_variance,0.007821307284757495,Center
28800.0,81.25,theta_variance,0.008033552207052708,Center
28800.0,93.75,theta_variance,0.007845963584259152,Center
28800.0,106.25,theta_variance,0.007525488035753369,Center
28800.0,118.75,theta_variance,0.0076473739463835955,Center
28800.0,131.25,theta_variance,0.007307794410735369,Center
28800.0,143.75,theta_variance,0.007662919815629721,Center
28800.0,156.25,theta_variance,0.008134305942803621,Center
28800.0,168.75,theta_variance,0.008236506953835487,Center
28800.0,181.25,theta_variance,0.009217075537890196,Center
28800.0,193.75,theta_variance,0.01168645778670907,Center
28800.0,206.25,theta_variance,0.012000782880932093,Center
28800.0,218.75,theta_variance,0.010761471465229988,Center
28800.0,231.25,theta_variance,0.007933571469038725,Center
28800.0,243.75,theta_variance,0.00530481874011457,Center
28800.0,256.25,theta_variance,0.003288662526756525,Center
28800.0,268.75,theta_variance,0.001706328650470823,Center
28800.0,281.25,theta_variance,0.00120842969045043,Center
28800.0,293.75,theta_variance,0.0014020876260474324,Center
28800.0,306.25,theta_variance,0.001452879048883915,Center
28800.0,318.75,theta_variance,0.001219197059981525,Center
28800.0,331.25,theta_variance,0.0012780694523826241,Center
28800.0,343.75,theta_variance,0.001563338388223201,Center
28800.0,356.25,theta_variance,0.0014587917539756745,Center
28800.0,368.75,theta_variance,0.000616035598795861,Center
28800.0,381.25,theta_variance,0.00010693777585402131,Center
28800.0,393.75,theta_variance,9.74237241280207e-6,Center
28800.0,0.0,total_buoyancy_flux,0.0,Face
28800.0,12.5,total_buoyancy_flux,-0.0003897419519489631,Face
28800.0,25.0,total_buoyancy_flux,-0.00025719773839227855,Face
28800.0,37.5,total_buoyancy_flux,-0.00026926648570224643,Face
28800.0,50.0,total_buoyancy_flux,-0.0002748792030615732,Face
28800.0,62.5,total_buoyancy_flux,-0.0002698082535061985,Face
28800.0,75.0,total_buoyancy_flux,-0.00024837430100888014,Face
28800.0,87.5,total_buoyancy_flux,-0.00022683171118842438,Face
28800.0,100.0,total_buoyancy_flux,-0.00019722447177628055,Face
28800.0,112.5,total_buoyancy_flux,-0.00017065336578525603,Face
28800.0,125.0,total_buoyancy_flux,-0.00014630091391154565,Face
28800.0,137.5,total_buoyancy_flux,-0.0001231833448400721,Face
28800.0,150.0,total_buoyancy_flux,-0.00010275189561070874,Face
28800.0,162.5,total_buoyancy_flux,-8.354249075637199e-5,Face
28800.0,175.0,total_buoyancy_flux,-6.552506602020003e-5,Face
28800.0,187.5,total_buoyancy_flux,-4.2124895117012784e-5,Face
28800.0,200.0,total_buoyancy_flux,-1.7706823200569488e-5,Face
28800.0,212.5,total_buoyancy_flux,-3.948560397759593e-6,Face
28800.0,225.0,total_buoyancy_flux,-2.4790296038190718e-6,Face
28800.0,237.5,total_buoyancy_flux,-3.878994903061539e-7,Face
28800.0,250.0,total_buoyancy_flux,1.5561579402856296e-6,Face
28800.0,262.5,total_buoyancy_flux,1.2940964779772912e-6,Face
28800.0,275.0,total_buoyancy_flux,1.2710188457276672e-7,Face
28800.0,287.5,total_buoyancy_flux,-8.08146729980308e-7,Face
28800.0,300.0,total_buoyancy_flux,-5.686769060098129e-7,Face
28800.0,312.5,total_buoyancy_flux,3.528255376750167e-7,Face
28800.0,325.0,total_buoyancy_flux,3.8163588556017203e-7,Face
28800.0,337.5,total_buoyancy_flux,-4.781725237990031e-8,Face
28800.0,350.0,total_buoyancy_flux,-1.0262573368891026e-7,Face
28800.0,362.5,total_buoyancy_flux,1.25945433637753e-7,Face
28800.0,375.0,total_buoyancy_flux,1.156931239698622e-7,Face
28800.0,387.5,total_buoyancy_flux,1.5185984691967747e-9,Face
28800.0,400.0,total_buoyancy_flux,0.0,Face
28800.0,0.0,total_stress_magnitude,0.08347060903906822,Face
28800.0,12.5,total_stress_magnitude,0.07488593459129333,Face
28800.0,25.0,total_stress_magnitude,0.04117170535027981,Face
28800.0,37.5,total_stress_magnitude,0.04857405833899975,Face
28800.0,50.0,total_stress_magnitude,0.04823845252394676,Face
28800.0,62.5,total_stress_magnitude,0.04568956792354584,Face
28800.0,75.0,total_stress_magnitude,0.04066350869834423,Face
28800.0,87.5,total_stress_magnitude,0.0355078624561429,Face
28800.0,100.0,total_stress_magnitude,0.029846380464732647,Face
28800.0,112.5,total_stress_magnitude,0.02445008885115385,Face
28800.0,125.0,total_stress_magnitude,0.0202112328261137,Face
28800.0,137.5,total_stress_magnitude,0.016148041933774948,Face
28800.0,150.0,total_stress_magnitude,0.012114353477954865,Face
28800.0,162.5,total_stress_magnitude,0.009427322773262858,Face
28800.0,175.0,total_stress_magnitude,0.0071109989657998085,Face
28800.0,187.5,total_stress_magnitude,0.004650047514587641,Face
28800.0,200.0,total_stress_magnitude,0.0033759219804778695,Face
28800.0,212.5,total_stress_magnitude,0.002624469459988177,Face
28800.0,225.0,total_stress_magnitude,0.002155205118469894,Face
28800.0,237.5,total_stress_magnitude,0.0017701128963381052,Face
28800.0,250.0,total_stress_magnitude,0.0015609160182066262,Face
28800.0,262.5,total_stress_magnitude,0.0014179519494064152,Face
28800.0,275.0,total_stress_magnitude,0.0012880851863883436,Face
28800.0,287.5,total_stress_magnitude,0.0011827133712358773,Face
28800.0,300.0,total_stress_magnitude,0.0011921169352717698,Face
28800.0,312.5,total_stress_magnitude,0.0011653575929813087,Face
28800.0,325.0,total_stress_magnitude,0.0010357691789977252,Face
28800.0,337.5,total_stress_magnitude,0.0008489586180076003,Face
28800.0,350.0,total_stress_magnitude,0.0006306518916971982,Face
28800.0,362.5,total_stress_magnitude,0.0003902344324160367,Face
28800.0,375.0,total_stress_magnitude,0.0001634288055356592,Face
28800.0,387.5,total_stress_magnitude,3.374904736119788e-5,Face
28800.0,400.0,total_stress_magnitude,0.0,Face
28800.0,6.25,total_tke_buoyancy_production,-0.00019487097597448155,Center
28800.0,18.75,total_tke_buoyancy_production,-0.00032346991065423936,Center
28800.0,31.25,total_tke_buoyancy_production,-0.0002632321557030082,Center
28800.0,43.75,total_tke_buoyancy_production,-0.00027207290986552835,Center
28800.0,56.25,total_tke_buoyancy_production,-0.0002723440411500633,Center
28800.0,68.75,total_tke_buoyancy_production,-0.0002590915173641406,Center
28800.0,81.25,total_tke_buoyancy_production,-0.00023760308977216482,Center
28800.0,93.75,total_tke_buoyancy_production,-0.00021202814241405576,Center
28800.0,106.25,total_tke_buoyancy_production,-0.0001839389733504504,Center
28800.0,118.75,total_tke_buoyancy_production,-0.00015847710892558098,Center
28800.0,131.25,total_tke_buoyancy_production,-0.00013474206207320094,Center
28800.0,143.75,total_tke_buoyancy_production,-0.00011296756565570831,Center
28800.0,156.25,total_tke_buoyancy_production,-9.31472604861483e-5,Center
28800.0,168.75,total_tke_buoyancy_production,-7.453384387190454e-5,Center
28800.0,181.25,total_tke_buoyancy_production,-5.382500785344746e-5,Center
28800.0,193.75,total_tke_buoyancy_production,-2.991588644363219e-5,Center
28800.0,206.25,total_tke_buoyancy_production,-1.0827689948200714e-5,Center
28800.0,218.75,total_tke_buoyancy_production,-3.2137887160388345e-6,Center
28800.0,231.25,total_tke_buoyancy_production,-1.433464035471843e-6,Center
28800.0,243.75,total_tke_buoyancy_production,5.841303618581151e-7,Center
28800.0,256.25,total_tke_buoyancy_production,1.4251275395338325e-6,Center
28800.0,268.75,total_tke_buoyancy_production,7.106013129032362e-7,Center
28800.0,281.25,total_tke_buoyancy_production,-3.4052101227644016e-7,Center
28800.0,293.75,total_tke_buoyancy_production,-6.884123742167958e-7,Center
28800.0,306.25,total_tke_buoyancy_production,-1.0792660987135605e-7,Center
28800.0,318.75,total_tke_buoyancy_production,3.6723042740050005e-7,Center
28800.0,331.25,total_tke_buoyancy_production,1.6690955817466602e-7,Center
28800.0,343.75,total_tke_buoyancy_production,-7.52216919863713e-8,Center
28800.0,356.25,total_tke_buoyancy_production,1.1661427379294764e-8,Center
28800.0,368.75,total_tke_buoyancy_production,1.2081930478302638e-7,Center
28800.0,381.25,total_tke_buoyancy_production,5.860570895244166e-8,Center
28800.0,393.75,total_tke_buoyancy_production,7.592974582415479e-10,Center
28800.0,6.25,total_tke_shear_production,0.013161404989659786,Center
28800.0,18.75,total_tke_shear_production,0.004166782833635807,Center
28800.0,31.25,total_tke_shear_production,0.0027745531406253576,Center
28800.0,43.75,total_tke_shear_production,0.0023572739446535707,Center
28800.0,56.25,total_tke_shear_production,0.0019407689105719328,Center
28800.0,68.75,total_tke_shear_production,0.0015988540835678577,Center
28800.0,81.25,total_tke_shear_production,0.001303511206060648,Center
28800.0,93.75,total_tke_shear_production,0.0010650645999703556,Center
28800.0,106.25,total_tke_shear_production,0.0008875411003828049,Center
28800.0,118.75,total_tke_shear_production,0.0007332645473070443,Center
28800.0,131.25,total_tke_shear_production,0.0005920938274357468,Center
28800.0,143.75,total_tke_shear_production,0.000478862741147168,Center
28800.0,156.25,total_tke_shear_production,0.00035886077967006713,Center
28800.0,168.75,total_tke_shear_production,0.00023502056137658656,Center
28800.0,181.25,total_tke_shear_production,0.00012194218288641423,Center
28800.0,193.75,total_tke_shear_production,2.3453338144463487e-5,Center
28800.0,206.25,total_tke_shear_production,-3.382868908374803e-5,Center
28800.0,218.75,total_tke_shear_production,-4.642212388716871e-5,Center
28800.0,231.25,total_tke_shear_production,-3.4799083550751675e-5,Center
28800.0,243.75,total_tke_shear_production,-1.681042022028123e-5,Center
28800.0,256.25,total_tke_shear_production,-4.423854761625989e-6,Center
28800.0,268.75,total_tke_shear_production,4.17367182592443e-7,Center
28800.0,281.25,total_tke_shear_production,1.1401490951357118e-6,Center
28800.0,293.75,total_tke_shear_production,8.381111058497481e-7,Center
28800.0,306.25,total_tke_shear_production,5.049503926102261e-7,Center
28800.0,318.75,total_tke_shear_production,-1.8732556839040626e-8,Center
28800.0,331.25,total_tke_shear_production,-5.566796161815546e-7,Center
28800.0,343.75,total_tke_shear_production,-5.880220044218731e-7,Center
28800.0,356.25,total_tke_shear_production,-1.0176090903257773e-7,Center
28800.0,368.75,total_tke_shear_production,1.6620202814010554e-7,Center
28800.0,381.25,total_tke_shear_production,7.97910031380411e-8,Center
28800.0,393.75,total_tke_shear_production,1.223768042457607e-8,Center
28800.0,0.0,total_u_w_flux,-0.06810428574681282,Face
28800.0,12.5,total_u_w_flux,-0.06450439244508743,Face
28800.0,25.0,total_u_w_flux,-0.03719636611640453,Face
28800.0,37.5,total_u_w_flux,-0.04448104836046696,Face
28800.0,50.0,total_u_w_flux,-0.04547482170164585,Face
28800.0,62.5,total_u_w_flux,-0.043538475409150124,Face
28800.0,75.0,total_u_w_flux,-0.038752755150198936,Face
28800.0,87.5,total_u_w_flux,-0.034163698554039,Face
28800.0,100.0,total_u_w_flux,-0.029136428609490395,Face
28800.0,112.5,total_u_w_flux,-0.023907055146992207,Face
28800.0,125.0,total_u_w_flux,-0.01934049976989627,Face
28800.0,137.5,total_u_w_flux,-0.015086621511727571,Face
28800.0,150.0,total_u_w_flux,-0.010826345067471266,Face
28800.0,162.5,total_u_w_flux,-0.00764481769874692,Face
28800.0,175.0,total_u_w_flux,-0.005096269655041397,Face
28800.0,187.5,total_u_w_flux,-0.0031470810063183308,Face
28800.0,200.0,total_u_w_flux,-0.0021206176606938243,Face
28800.0,212.5,total_u_w_flux,-0.0017214120016433299,Face
28800.0,225.0,total_u_w_flux,-0.00155781174544245,Face
28800.0,237.5,total_u_w_flux,-0.0013922701473347843,Face
28800.0,250.0,total_u_w_flux,-0.0012525072670541704,Face
28800.0,262.5,total_u_w_flux,-0.0011650858214125037,Face
28800.0,275.0,total_u_w_flux,-0.001106033567339182,Face
28800.0,287.5,total_u_w_flux,-0.0010382334294263273,Face
28800.0,300.0,total_u_w_flux,-0.0009765345021151006,Face
28800.0,312.5,total_u_w_flux,-0.0009340230317320675,Face
28800.0,325.0,total_u_w_flux,-0.0008780437347013503,Face
28800.0,337.5,total_u_w_flux,-0.0007595959177706391,Face
28800.0,350.0,total_u_w_flux,-0.0005657314468408003,Face
28800.0,362.5,total_u_w_flux,-0.0003265621853643097,Face
28800.0,375.0,total_u_w_flux,-0.00012408300244715065,Face
28800.0,387.5,total_u_w_flux,-2.312868855369743e-5,Face
28800.0,400.0,total_u_w_flux,0.0,Face
28800.0,0.0,total_v_w_flux,-0.04824858158826828,Face
28800.0,12.5,total_v_w_flux,-0.03795550763607025,Face
28800.0,25.0,total_v_w_flux,-0.016907074954360723,Face
28800.0,37.5,total_v_w_flux,-0.018138145096600056,Face
28800.0,50.0,total_v_w_flux,-0.014477299060672522,Face
28800.0,62.5,total_v_w_flux,-0.01050293818116188,Face
28800.0,75.0,total_v_w_flux,-0.007199849234893918,Face
28800.0,87.5,total_v_w_flux,-0.004104898660443723,Face
28800.0,100.0,total_v_w_flux,-0.0008898245287127793,Face
28800.0,112.5,total_v_w_flux,0.000936641481530387,Face
28800.0,125.0,total_v_w_flux,0.0026436219923198223,Face
28800.0,137.5,total_v_w_flux,0.0033786267740651965,Face
28800.0,150.0,total_v_w_flux,0.003540684701874852,Face
28800.0,162.5,total_v_w_flux,0.0032685588812455535,Face
28800.0,175.0,total_v_w_flux,0.0026365723460912704,Face
28800.0,187.5,total_v_w_flux,0.0013807130162604153,Face
28800.0,200.0,total_v_w_flux,0.00032260717125609517,Face
28800.0,212.5,total_v_w_flux,-6.103917257860303e-6,Face
28800.0,225.0,total_v_w_flux,5.147909541847184e-5,Face
28800.0,237.5,total_v_w_flux,8.413213254243601e-5,Face
28800.0,250.0,total_v_w_flux,0.00010173185728490353,Face
28800.0,262.5,total_v_w_flux,0.0001072945015039295,Face
28800.0,275.0,total_v_w_flux,0.00010867795936064795,Face
28800.0,287.5,total_v_w_flux,0.00010543302414589562,Face
28800.0,300.0,total_v_w_flux,0.00010309011122444645,Face
28800.0,312.5,total_v_w_flux,9.172155478154309e-5,Face
28800.0,325.0,total_v_w_flux,7.103806638042443e-5,Face
28800.0,337.5,total_v_w_flux,5.8280498706153594e-5,Face
28800.0,350.0,total_v_w_flux,5.3283421948435716e-5,Face
28800.0,362.5,total_v_w_flux,4.3396326873335056e-5,Face
28800.0,375.0,total_v_w_flux,2.7843456336995587e-5,Face
28800.0,387.5,total_v_w_flux,1.2112559943489032e-5,Face
28800.0,400.0,total_v_w_flux,0.0,Face
28800.0,0.0,total_w_theta_flux,-0.011266089510172606,Face
28800.0,12.5,total_w_theta_flux,-0.010477061849087477,Face
28800.0,25.0,total_w_theta_flux,-0.006922342581674457,Face
28800.0,37.5,total_w_theta_flux,-0.007251631002873182,Face
28800.0,50.0,total_w_theta_flux,-0.00740729970857501,Face
28800.0,62.5,total_w_theta_flux,-0.007274294272065163,Face
28800.0,75.0,total_w_theta_flux,-0.0066996305249631405,Face
28800.0,87.5,total_w_theta_flux,-0.006121385842561722,Face
28800.0,100.0,total_w_theta_flux,-0.005325067089870572,Face
28800.0,112.5,total_w_theta_flux,-0.004610044416040182,Face
28800.0,125.0,total_w_theta_flux,-0.0039544322062283754,Face
28800.0,137.5,total_w_theta_flux,-0.0033316253684461117,Face
28800.0,150.0,total_w_theta_flux,-0.002780902315862477,Face
28800.0,162.5,total_w_theta_flux,-0.0022629984887316823,Face
28800.0,175.0,total_w_theta_flux,-0.0017766921082511544,Face
28800.0,187.5,total_w_theta_flux,-0.0011438631336204708,Face
28800.0,200.0,total_w_theta_flux,-0.00048201032041106373,Face
28800.0,212.5,total_w_theta_flux,-0.00010834006081950065,Face
28800.0,225.0,total_w_theta_flux,-6.84140031808056e-5,Face
28800.0,237.5,total_w_theta_flux,-1.1133121006423607e-5,Face
28800.0,250.0,total_w_theta_flux,4.24197446591279e-5,Face
28800.0,262.5,total_w_theta_flux,3.5428121918812394e-5,Face
28800.0,275.0,total_w_theta_flux,3.415187165956013e-6,Face
28800.0,287.5,total_w_theta_flux,-2.2321580445350264e-5,Face
28800.0,300.0,total_w_theta_flux,-1.5754969147963038e-5,Face
28800.0,312.5,total_w_theta_flux,9.641291399020702e-6,Face
28800.0,325.0,total_w_theta_flux,1.0454147741256747e-5,Face
28800.0,337.5,total_w_theta_flux,-1.3926073734182864e-6,Face
28800.0,350.0,total_w_theta_flux,-2.8927961466251872e-6,Face
28800.0,362.5,total_w_theta_flux,3.4662864436540985e-6,Face
28800.0,375.0,total_w_theta_flux,3.202868768426015e-6,Face
28800.0,387.5,total_w_theta_flux,4.194338387719654e-8,Face
28800.0,400.0,total_w_theta_flux,0.0,Face
28800.0,0.0,turbulent_tke_flux,0.0,Face
28800.0,12.5,turbulent_tke_flux,-0.002481684321537614,Face
28800.0,25.0,turbulent_tke_flux,-0.0020205124747008085,Face
28800.0,37.5,turbulent_tke_flux,0.0010230423067696393,Face
28800.0,50.0,turbulent_tke_flux,0.0021989750675857067,Face
28800.0,62.5,turbulent_tke_flux,0.0032674259273335338,Face
28800.0,75.0,turbulent_tke_flux,0.0033301120856776834,Face
28800.0,87.5,turbulent_tke_flux,0.0036516598192974925,Face
28800.0,100.0,turbulent_tke_flux,0.003567493869923055,Face
28800.0,112.5,turbulent_tke_flux,0.003077775938436389,Face
28800.0,125.0,turbulent_tke_flux,0.0024168584495782852,Face
28800.0,137.5,turbulent_tke_flux,0.0019073263392783701,Face
28800.0,150.0,turbulent_tke_flux,0.0014613110397476703,Face
28800.0,162.5,turbulent_tke_flux,0.0009725212876219302,Face
28800.0,175.0,turbulent_tke_flux,0.0005800598009955138,Face
28800.0,187.5,turbulent_tke_flux,0.0001085215772036463,Face
28800.0,200.0,turbulent_tke_flux,-6.371208655764349e-5,Face
28800.0,212.5,turbulent_tke_flux,-4.5502207285608165e-5,Face
28800.0,225.0,turbulent_tke_flux,-2.5666786768852035e-5,Face
28800.0,237.5,turbulent_tke_flux,-1.6725523437344236e-5,Face
28800.0,250.0,turbulent_tke_flux,-6.8537885908881435e-6,Face
28800.0,262.5,turbulent_tke_flux,1.7870945896447665e-6,Face
28800.0,275.0,turbulent_tke_flux,7.342503579366166e-6,Face
28800.0,287.5,turbulent_tke_flux,4.456705037014785e-6,Face
28800.0,300.0,turbulent_tke_flux,-1.6501165447380117e-6,Face
28800.0,312.5,turbulent_tke_flux,-5.666764081979636e-6,Face
28800.0,325.0,turbulent_tke_flux,-5.230343276707572e-6,Face
28800.0,337.5,turbulent_tke_flux,-2.3194725713437947e-6,Face
28800.0,350.0,turbulent_tke_flux,3.4851978369943026e-7,Face
28800.0,362.5,turbulent_tke_flux,4.969259919107571e-7,Face
28800.0,375.0,turbulent_tke_flux,-1.0775240699700817e-7,Face
28800.0,387.5,turbulent_tke_flux,1.502199431513418e-8,Face
28800.0,400.0,turbulent_tke_flux,0.0,Face
28800.0,6.25,u_mean,2.553320527076721,Center
28800.0,18.75,u_mean,3.312538504600525,Center
28800.0,31.25,u_mean,4.161056280136108,Center
28800.0,43.75,u_mean,4.807729005813599,Center
28800.0,56.25,u_mean,5.340104103088379,Center
28800.0,68.75,u_mean,5.8180389404296875,Center
28800.0,81.25,u_mean,6.2734739780426025,Center
28800.0,93.75,u_mean,6.7070441246032715,Center
28800.0,106.25,u_mean,7.127748966217041,Center
28800.0,118.75,u_mean,7.540069103240967,Center
28800.0,131.25,u_mean,7.948235034942627,Center
28800.0,143.75,u_mean,8.3457612991333,Center
28800.0,156.25,u_mean,8.733720302581787,Center
28800.0,168.75,u_mean,9.044867515563965,Center
28800.0,181.25,u_mean,9.217950820922852,Center
28800.0,193.75,u_mean,9.213940620422363,Center
28800.0,206.25,u_mean,9.01067304611206,Center
28800.0,218.75,u_mean,8.655483722686768,Center
28800.0,231.25,u_mean,8.297556400299072,Center
28800.0,243.75,u_mean,8.072279453277588,Center
28800.0,256.25,u_mean,7.988179922103882,Center
28800.0,268.75,u_mean,7.976914644241333,Center
28800.0,281.25,u_mean,7.983414888381958,Center
28800.0,293.75,u_mean,7.9920642375946045,Center
28800.0,306.25,u_mean,8.001646280288696,Center
28800.0,318.75,u_mean,8.006199836730957,Center
28800.0,331.25,u_mean,8.000155925750732,Center
28800.0,343.75,u_mean,7.987703084945679,Center
28800.0,356.25,u_mean,7.980633735656738,Center
28800.0,368.75,u_mean,7.986206531524658,Center
28800.0,381.25,u_mean,7.994596719741821,Center
28800.0,393.75,u_mean,7.99896502494812,Center
28800.0,6.25,u_variance,0.13425219058990479,Center
28800.0,18.75,u_variance,0.2448054924607277,Center
28800.0,31.25,u_variance,0.30164358019828796,Center
28800.0,43.75,u_variance,0.2923896759748459,Center
28800.0,56.25,u_variance,0.2771863043308258,Center
28800.0,68.75,u_variance,0.2522493302822113,Center
28800.0,81.25,u_variance,0.21416714042425156,Center
28800.0,93.75,u_variance,0.18598054349422455,Center
28800.0,106.25,u_variance,0.1637195646762848,Center
28800.0,118.75,u_variance,0.14625153690576553,Center
28800.0,131.25,u_variance,0.12196638807654381,Center
28800.0,143.75,u_variance,0.10124443843960762,Center
28800.0,156.25,u_variance,0.06963257491588593,Center
28800.0,168.75,u_variance,0.041249675676226616,Center
28800.0,181.25,u_variance,0.021350701339542866,Center
28800.0,193.75,u_variance,0.010932208970189095,Center
28800.0,206.25,u_variance,0.011634895578026772,Center
28800.0,218.75,u_variance,0.013301067985594273,Center
28800.0,231.25,u_variance,0.010894151404500008,Center
28800.0,243.75,u_variance,0.007264207815751433,Center
28800.0,256.25,u_variance,0.005118767032399774,Center
28800.0,268.75,u_variance,0.0041693305829539895,Center
28800.0,281.25,u_variance,0.0035841038334183395,Center
28800.0,293.75,u_variance,0.003256483352743089,Center
28800.0,306.25,u_variance,0.0038324862252920866,Center
28800.0,318.75,u_variance,0.004058175487443805,Center
28800.0,331.25,u_variance,0.0031927049858495593,Center
28800.0,343.75,u_variance,0.0020501241087913513,Center
28800.0,356.25,u_variance,0.0013630675384774804,Center
28800.0,368.75,u_variance,0.0015616518212482333,Center
28800.0,381.25,u_variance,0.0022253876086324453,Center
28800.0,393.75,u_variance,0.0026321076438762248,Center
28800.0,6.25,v_mean,1.811968743801117,Center
28800.0,18.75,v_mean,2.2864819765090942,Center
28800.0,31.25,v_mean,2.6419787406921387,Center
28800.0,43.75,v_mean,2.8587385416030884,Center
28800.0,56.25,v_mean,3.041700839996338,Center
28800.0,68.75,v_mean,3.1883046627044678,Center
28800.0,81.25,v_mean,3.2690995931625366,Center
28800.0,93.75,v_mean,3.2936967611312866,Center
28800.0,106.25,v_mean,3.275805711746216,Center
28800.0,118.75,v_mean,3.1943764686584473,Center
28800.0,131.25,v_mean,3.0788053274154663,Center
28800.0,143.75,v_mean,2.888313889503479,Center
28800.0,156.25,v_mean,2.6037423610687256,Center
28800.0,168.75,v_mean,2.216469168663025,Center
28800.0,181.25,v_mean,1.7251093983650208,Center
28800.0,193.75,v_mean,1.1394132375717163,Center
28800.0,206.25,v_mean,0.585072249174118,Center
28800.0,218.75,v_mean,0.2230982929468155,Center
28800.0,231.25,v_mean,0.07577016949653625,Center
28800.0,243.75,v_mean,0.03195995185524225,Center
28800.0,256.25,v_mean,0.017953256610780954,Center
28800.0,268.75,v_mean,0.011166473850607872,Center
28800.0,281.25,v_mean,0.008457706309854984,Center
28800.0,293.75,v_mean,0.009874931070953608,Center
28800.0,306.25,v_mean,0.016859100200235844,Center
28800.0,318.75,v_mean,0.027583585120737553,Center
28800.0,331.25,v_mean,0.037027567625045776,Center
28800.0,343.75,v_mean,0.041313838213682175,Center
28800.0,356.25,v_mean,0.03883809223771095,Center
28800.0,368.75,v_mean,0.031571014784276485,Center
28800.0,381.25,v_mean,0.02283748798072338,Center
28800.0,393.75,v_mean,0.010520178359001875,Center
28800.0,6.25,v_variance,0.07866353541612625,Center
28800.0,18.75,v_variance,0.12936681509017944,Center
28800.0,31.25,v_variance,0.1596142202615738,Center
28800.0,43.75,v_variance,0.16609562188386917,Center
28800.0,56.25,v_variance,0.15446414798498154,Center
28800.0,68.75,v_variance,0.1372728981077671,Center
28800.0,81.25,v_variance,0.11430545151233673,Center
28800.0,93.75,v_variance,0.09507540240883827,Center
28800.0,106.25,v_variance,0.08134964480996132,Center
28800.0,118.75,v_variance,0.06660009548068047,Center
28800.0,131.25,v_variance,0.062109943479299545,Center
28800.0,143.75,v_variance,0.05515379458665848,Center
28800.0,156.25,v_variance,0.05271778255701065,Center
28800.0,168.75,v_variance,0.05269504338502884,Center
28800.0,181.25,v_variance,0.053874021396040916,Center
28800.0,193.75,v_variance,0.04060279577970505,Center
28800.0,206.25,v_variance,0.01874026283621788,Center
28800.0,218.75,v_variance,0.004882305394858122,Center
28800.0,231.25,v_variance,0.0017021250096149743,Center
28800.0,243.75,v_variance,0.0011660648160614073,Center
28800.0,256.25,v_variance,0.0008954862714745104,Center
28800.0,268.75,v_variance,0.000686553175910376,Center
28800.0,281.25,v_variance,0.0005276699957903475,Center
28800.0,293.75,v_variance,0.00040937081939773634,Center
28800.0,306.25,v_variance,0.0003343564094393514,Center
28800.0,318.75,v_variance,0.000305516819935292,Center
28800.0,331.25,v_variance,0.00031020894675748423,Center
28800.0,343.75,v_variance,0.0002885886133299209,Center
28800.0,356.25,v_variance,0.0002413738693576306,Center
28800.0,368.75,v_variance,0.00018466099572833627,Center
28800.0,381.25,v_variance,0.00014307548190117814,Center
28800.0,393.75,v_variance,0.00012302556206122972,Center
28800.0,6.25,w_center_mean,1.251577383398761e-10,Center
28800.0,18.75,w_center_mean,-7.161445481074225e-8,Center
28800.0,31.25,w_center_mean,-1.4398101910728656e-7,Center
28800.0,43.75,w_center_mean,-1.4506200329833518e-7,Center
28800.0,56.25,w_center_mean,-1.4586372287794802e-7,Center
28800.0,68.75,w_center_mean,-1.4622090560578727e-7,Center
28800.0,81.25,w_center_mean,-1.4742034437631446e-7,Center
28800.0,93.75,w_center_mean,-1.4960211558445735e-7,Center
28800.0,106.25,w_center_mean,-1.5106903816786144e-7,Center
28800.0,118.75,w_center_mean,-1.5151251631095874e-7,Center
28800.0,131.25,w_center_mean,-1.5279246667887492e-7,Center
28800.0,143.75,w_center_mean,-1.5601892044969645e-7,Center
28800.0,156.25,w_center_mean,-1.5852401702431962e-7,Center
28800.0,168.75,w_center_mean,-1.9738340029107349e-7,Center
28800.0,181.25,w_center_mean,-2.395832225943195e-7,Center
28800.0,193.75,w_center_mean,-2.4719830093999917e-7,Center
28800.0,206.25,w_center_mean,-2.5537021031141194e-7,Center
28800.0,218.75,w_center_mean,-2.659501774360251e-7,Center
28800.0,231.25,w_center_mean,-2.4086013183932664e-7,Center
28800.0,243.75,w_center_mean,-2.1652486026368933e-7,Center
28800.0,256.25,w_center_mean,-2.3100237456219475e-7,Center
28800.0,268.75,w_center_mean,-2.46727921648926e-7,Center
28800.0,281.25,w_center_mean,-2.640173875079199e-7,Center
28800.0,293.75,w_center_mean,-2.411487827203018e-7,Center
28800.0,306.25,w_center_mean,-1.932426272333032e-7,Center
28800.0,318.75,w_center_mean,-1.8210452168432312e-7,Center
28800.0,331.25,w_center_mean,-1.9192835765124983e-7,Center
28800.0,343.75,w_center_mean,-2.1330876620595518e-7,Center
28800.0,356.25,w_center_mean,-2.2789848941329183e-7,Center
28800.0,368.75,w_center_mean,-2.2695208201639616e-7,Center
28800.0,381.25,w_center_mean,-2.254577893268106e-7,Center
28800.0,393.75,w_center_mean,-1.1167001900957985e-7,Center
28800.0,6.25,w_center_third_central_moment,-7.178823580034077e-7,Center
28800.0,18.75,w_center_third_central_moment,-0.00024419727560598403,Center
28800.0,31.25,w_center_third_central_moment,-2.896148362196982e-5,Center
28800.0,43.75,w_center_third_central_moment,-0.000187721976544708,Center
28800.0,56.25,w_center_third_central_moment,8.222769247367978e-5,Center
28800.0,68.75,w_center_third_central_moment,0.0007645479345228523,Center
28800.0,81.25,w_center_third_central_moment,0.0015008468180894852,Center
28800.0,93.75,w_center_third_central_moment,0.0016689837211742997,Center
28800.0,106.25,w_center_third_central_moment,0.0015308373258449137,Center
28800.0,118.75,w_center_third_central_moment,0.001105358125641942,Center
28800.0,131.25,w_center_third_central_moment,0.0006313614285318181,Center
28800.0,143.75,w_center_third_central_moment,0.00040429606815450825,Center
28800.0,156.25,w_center_third_central_moment,0.0002468383731866197,Center
28800.0,168.75,w_center_third_central_moment,1.3520148058887571e-5,Center
28800.0,181.25,w_center_third_central_moment,-0.00011768101103371009,Center
28800.0,193.75,w_center_third_central_moment,-0.00013490698620444164,Center
28800.0,206.25,w_center_third_central_moment,-5.221397168497788e-5,Center
28800.0,218.75,w_center_third_central_moment,-2.229710662504658e-5,Center
28800.0,231.25,w_center_third_central_moment,-1.9295863694424042e-5,Center
28800.0,243.75,w_center_third_central_moment,-1.612002478168506e-5,Center
28800.0,256.25,w_center_third_central_moment,-1.1135344379908929e-5,Center
28800.0,268.75,w_center_third_central_moment,-3.0709558132002712e-6,Center
28800.0,281.25,w_center_third_central_moment,1.6699550542398356e-7,Center
28800.0,293.75,w_center_third_central_moment,-1.125038124882849e-6,Center
28800.0,306.25,w_center_third_central_moment,-3.197461069248675e-6,Center
28800.0,318.75,w_center_third_central_moment,-5.284636245050933e-6,Center
28800.0,331.25,w_center_third_central_moment,-6.876792895127437e-6,Center
28800.0,343.75,w_center_third_central_moment,-5.222420895734103e-6,Center
28800.0,356.25,w_center_third_central_moment,-1.8900262261922762e-6,Center
28800.0,368.75,w_center_third_central_moment,-4.279220746639112e-7,Center
28800.0,381.25,w_center_third_central_moment,-1.418946666831289e-7,Center
28800.0,393.75,w_center_third_central_moment,-8.681630914164629e-9,Center
28800.0,6.25,w_center_variance,0.003470889525488019,Center
28800.0,18.75,w_center_variance,0.02199202310293913,Center
28800.0,31.25,w_center_variance,0.037729185074567795,Center
28800.0,43.75,w_center_variance,0.04536429978907108,Center
28800.0,56.25,w_center_variance,0.04828072525560856,Center
28800.0,68.75,w_center_variance,0.04839801415801048,Center
28800.0,81.25,w_center_variance,0.046577299013733864,Center
28800.0,93.75,w_center_variance,0.04180336557328701,Center
28800.0,106.25,w_center_variance,0.03592345677316189,Center
28800.0,118.75,w_center_variance,0.029967380687594414,Center
28800.0,131.25,w_center_variance,0.02445724979043007,Center
28800.0,143.75,w_center_variance,0.01992717944085598,Center
28800.0,156.25,w_center_variance,0.016845020465552807,Center
28800.0,168.75,w_center_variance,0.01451390702277422,Center
28800.0,181.25,w_center_variance,0.012605598662048578,Center
28800.0,193.75,w_center_variance,0.011383817996829748,Center
28800.0,206.25,w_center_variance,0.010091420263051987,Center
28800.0,218.75,w_center_variance,0.007945355027914047,Center
28800.0,231.25,w_center_variance,0.005556699354201555,Center
28800.0,243.75,w_center_variance,0.0038695120019838214,Center
28800.0,256.25,w_center_variance,0.0029114013304933906,Center
28800.0,268.75,w_center_variance,0.0023402476217597723,Center
28800.0,281.25,w_center_variance,0.0019612996838986874,Center
28800.0,293.75,w_center_variance,0.0016902500065043569,Center
28800.0,306.25,w_center_variance,0.0014631043304689229,Center
28800.0,318.75,w_center_variance,0.0012918990105390549,Center
28800.0,331.25,w_center_variance,0.001201251579914242,Center
28800.0,343.75,w_center_variance,0.001123150490457192,Center
28800.0,356.25,w_center_variance,0.0009433192026335746,Center
28800.0,368.75,w_center_variance,0.0006187257822602987,Center
28800.0,381.25,w_center_variance,0.0002580318396212533,Center
28800.0,393.75,w_center_variance,3.0565637644031085e-5,Center
28800.0,0.0,w_mean,0.0,Face
28800.0,12.5,w_mean,2.503154766797522e-10,Face
28800.0,25.0,w_mean,-1.4346831278544414e-7,Face
28800.0,37.5,w_mean,-1.4451266849846434e-7,Face
28800.0,50.0,w_mean,-1.4559307004446964e-7,Face
28800.0,62.5,w_mean,-1.4615790178140742e-7,Face
28800.0,75.0,w_mean,-1.4626368738390738e-7,Face
28800.0,87.5,w_mean,-1.4862311559227237e-7,Face
28800.0,100.0,w_mean,-1.505550955016588e-7,Face
28800.0,112.5,w_mean,-1.51605213716266e-7,Face
28800.0,125.0,w_mean,-1.5142212106411534e-7,Face
28800.0,137.5,w_mean,-1.5422041599322256e-7,Face
28800.0,150.0,w_mean,-1.5780881312821293e-7,Face
28800.0,162.5,w_mean,-1.592024716501328e-7,Face
28800.0,175.0,w_mean,-2.3552791361680647e-7,Face
28800.0,187.5,w_mean,-2.4364312878333294e-7,Face
28800.0,200.0,w_mean,-2.5077690679609077e-7,Face
28800.0,212.5,w_mean,-2.599838921923947e-7,Face
28800.0,225.0,w_mean,-2.719418716878863e-7,Face
28800.0,237.5,w_mean,-2.0982474779884797e-7,Face
28800.0,250.0,w_mean,-2.232343234709333e-7,Face
28800.0,262.5,w_mean,-2.3874140708812774e-7,Face
28800.0,275.0,w_mean,-2.5472361642187025e-7,Face
28800.0,287.5,w_mean,-2.7330328578045737e-7,Face
28800.0,300.0,w_mean,-2.0899008035257793e-7,Face
28800.0,312.5,w_mean,-1.774936464471466e-7,Face
28800.0,325.0,w_mean,-1.8669744861199433e-7,Face
28800.0,337.5,w_mean,-1.9713819199296267e-7,Face
28800.0,350.0,w_mean,-2.294789709367251e-7,Face
28800.0,362.5,w_mean,-2.2632274720990608e-7,Face
28800.0,375.0,w_mean,-2.275810047080995e-7,Face
28800.0,387.5,w_mean,-2.233400380191597e-7,Face
28800.0,400.0,w_mean,0.0,Face
28800.0,0.0,w_skewness_instantaneous_ratio,0.0,Face
28800.0,12.5,w_skewness_instantaneous_ratio,-0.015713423024863005,Face
28800.0,25.0,w_skewness_instantaneous_ratio,0.01899713254533708,Face
28800.0,37.5,w_skewness_instantaneous_ratio,0.006563205271959305,Face
28800.0,50.0,w_skewness_instantaneous_ratio,0.01218700036406517,Face
28800.0,62.5,w_skewness_instantaneous_ratio,0.06515518575906754,Face
28800.0,75.0,w_skewness_instantaneous_ratio,0.09595799073576927,Face
28800.0,87.5,w_skewness_instantaneous_ratio,0.12605087459087372,Face
28800.0,100.0,w_skewness_instantaneous_ratio,0.1475778892636299,Face
28800.0,112.5,w_skewness_instantaneous_ratio,0.1546320542693138,Face
28800.0,125.0,w_skewness_instantaneous_ratio,0.13666550815105438,Face
28800.0,137.5,w_skewness_instantaneous_ratio,0.10488193482160568,Face
28800.0,150.0,w_skewness_instantaneous_ratio,0.09254299011081457,Face
28800.0,162.5,w_skewness_instantaneous_ratio,0.043682247400283813,Face
28800.0,175.0,w_skewness_instantaneous_ratio,-0.012345671653747559,Face
28800.0,187.5,w_skewness_instantaneous_ratio,-0.05732733942568302,Face
28800.0,200.0,w_skewness_instantaneous_ratio,-0.019040921702980995,Face
28800.0,212.5,w_skewness_instantaneous_ratio,-0.002698240801692009,Face
28800.0,225.0,w_skewness_instantaneous_ratio,-0.015107635641470551,Face
28800.0,237.5,w_skewness_instantaneous_ratio,-0.0022848350927233696,Face
28800.0,250.0,w_skewness_instantaneous_ratio,-0.015253732883138582,Face
28800.0,262.5,w_skewness_instantaneous_ratio,-0.02147777285426855,Face
28800.0,275.0,w_skewness_instantaneous_ratio,0.021396004129201174,Face
28800.0,287.5,w_skewness_instantaneous_ratio,0.027208905667066574,Face
28800.0,300.0,w_skewness_instantaneous_ratio,-0.005707276286557317,Face
28800.0,312.5,w_skewness_instantaneous_ratio,-0.046191802248358727,Face
28800.0,325.0,w_skewness_instantaneous_ratio,-0.08009904064238071,Face
28800.0,337.5,w_skewness_instantaneous_ratio,-0.09195826947689056,Face
28800.0,350.0,w_skewness_instantaneous_ratio,-0.02541989367455244,Face
28800.0,362.5,w_skewness_instantaneous_ratio,0.05146805942058563,Face
28800.0,375.0,w_skewness_instantaneous_ratio,0.08888912759721279,Face
28800.0,387.5,w_skewness_instantaneous_ratio,0.08046945370733738,Face
28800.0,400.0,w_skewness_instantaneous_ratio,0.0,Face
28800.0,0.0,w_third_central_moment,0.0,Face
28800.0,12.5,w_third_central_moment,-5.743058864027262e-6,Face
28800.0,25.0,w_third_central_moment,7.3237344622612e-5,Face
28800.0,37.5,w_third_central_moment,-2.7808011509478092e-5,Face
28800.0,50.0,w_third_central_moment,-0.00019789577345363796,Face
28800.0,62.5,w_third_central_moment,0.0004975388510501944,Face
28800.0,75.0,w_third_central_moment,0.0012994452845305204,Face
28800.0,87.5,w_third_central_moment,0.0018929232028312981,Face
28800.0,100.0,w_third_central_moment,0.0018109934753738344,Face
28800.0,112.5,w_third_central_moment,0.0014626254560425878,Face
28800.0,125.0,w_third_central_moment,0.0009593177237547934,Face
28800.0,137.5,w_third_central_moment,0.0005622151074931026,Face
28800.0,150.0,w_third_central_moment,0.0003926099504951708,Face
28800.0,162.5,w_third_central_moment,0.000150546080476488,Face
28800.0,175.0,w_third_central_moment,-7.28900522517506e-5,Face
28800.0,187.5,w_third_central_moment,-0.00016587984282523394,Face
28800.0,200.0,w_third_central_moment,-9.586996748112142e-5,Face
28800.0,212.5,w_third_central_moment,-2.5750638997124042e-5,Face
28800.0,225.0,w_third_central_moment,-2.562208328527049e-5,Face
28800.0,237.5,w_third_central_moment,-1.6374978486055625e-5,Face
28800.0,250.0,w_third_central_moment,-1.5589307338359504e-5,Face
28800.0,262.5,w_third_central_moment,-7.993211738721584e-6,Face
28800.0,275.0,w_third_central_moment,-3.010266027558828e-7,Face
28800.0,287.5,w_third_central_moment,-4.38325969298603e-7,Face
28800.0,300.0,w_third_central_moment,-2.8979669082218606e-6,Face
28800.0,312.5,w_third_central_moment,-4.959712669005967e-6,Face
28800.0,325.0,w_third_central_moment,-6.794670525778201e-6,Face
28800.0,337.5,w_third_central_moment,-6.851468469903921e-6,Face
28800.0,350.0,w_third_central_moment,-3.303839434920519e-6,Face
28800.0,362.5,w_third_central_moment,-7.586930457215146e-7,Face
28800.0,375.0,w_third_central_moment,-2.4150119060095676e-7,Face
28800.0,387.5,w_third_central_moment,-6.945304731331703e-8,Face
28800.0,400.0,w_third_central_moment,0.0,Face
28800.0,0.0,w_variance,0.0,Face
28800.0,12.5,w_variance,0.013883558101952076,Face
28800.0,25.0,w_variance,0.03910448029637337,Face
28800.0,37.5,w_variance,0.04983670078217983,Face
28800.0,50.0,w_variance,0.054974328726530075,Face
28800.0,62.5,w_variance,0.05579841323196888,Face
28800.0,75.0,w_variance,0.0542638935148716,Face
28800.0,87.5,w_variance,0.05022566020488739,Face
28800.0,100.0,w_variance,0.04330509901046753,Face
28800.0,112.5,w_variance,0.03688729181885719,Face
28800.0,125.0,w_variance,0.03015162516385317,Face
28800.0,137.5,w_variance,0.024375884793698788,Face
28800.0,150.0,w_variance,0.02010287530720234,Face
28800.0,162.5,w_variance,0.01711446652188897,Face
28800.0,175.0,w_variance,0.014459002297371626,Face
28800.0,187.5,w_variance,0.012577152345329523,Face
28800.0,200.0,w_variance,0.011366463731974363,Face
28800.0,212.5,w_variance,0.009494049940258265,Face
28800.0,225.0,w_variance,0.006838747765868902,Face
28800.0,237.5,w_variance,0.004632788244634867,Face
28800.0,250.0,w_variance,0.003365368116647005,Face
28800.0,262.5,w_variance,0.00264506577514112,Face
28800.0,275.0,w_variance,0.002178854134399444,Face
28800.0,287.5,w_variance,0.0018617557943798602,Face
28800.0,300.0,w_variance,0.0016216330113820732,Face
28800.0,312.5,w_variance,0.0014126672176644206,Face
28800.0,325.0,w_variance,0.0012808926403522491,Face
28800.0,337.5,w_variance,0.0012118204031139612,Face
28800.0,350.0,w_variance,0.0010952478623948991,Face
28800.0,362.5,w_variance,0.000829926342703402,Face
28800.0,375.0,w_variance,0.00044571120815817267,Face
28800.0,387.5,w_variance,0.00012226255057612434,Face
28800.0,400.0,w_variance,0.0,Face
