time_s,q_t_8gkg_entrainment_m_s,q_t_derivative_valid,theta_li_295_entrainment_m_s,theta_li_derivative_valid
0.0,0.00154807291,true,0.00228126966,true
60.0,0.00151058431,true,0.00226022005,true
120.0,0.00128234413,true,0.00223051442,true
180.0,0.000611513236,true,0.00219978765,true
240.0,-0.000578332319,true,0.00210598137,true
300.0,-0.004975386,true,0.00196840095,true
360.0,-0.00858064158,true,0.00187148112,true
420.0,-0.0526007967,true,0.00181879781,true
480.0,-0.0138165991,true,0.00180679499,true
540.0,0.0436124917,true,0.00191890134,true
600.0,0.00993717417,true,0.00221568527,true
660.0,0.00164472943,true,0.002654972,true
720.0,0.00142667895,true,0.00310098119,true
780.0,0.00151375457,true,0.00338126861,true
840.0,0.00184811162,true,0.00356190099,true
900.0,0.00140026298,true,0.00397603838,true
960.0,3.56330598e-06,true,0.00481705401,true
1020.0,-0.0012124307,true,0.00575342033,true
1080.0,-0.00154969996,true,0.0062912072,true
1140.0,-0.000870195035,true,0.00633365018,true
1200.0,0.000690018054,true,0.00595185946,true
1260.0,0.00218046712,true,0.00536495959,true
1320.0,0.00252980321,true,0.00488626551,true
1380.0,0.00194012794,true,0.00471012008,true
1440.0,0.00276323847,true,0.00468554987,true
1500.0,0.00335343816,true,0.00473166292,true
1560.0,0.00185035749,true,0.00514148018,true
1620.0,0.00199686732,true,0.00592833737,true
1680.0,0.00222725123,true,0.00677745297,true
1740.0,0.00086680501,true,0.00716694618,true
1800.0,0.00179237767,true,0.00719022753,true
1860.0,0.00265504519,true,0.0071850368,true
1920.0,0.00222043068,true,0.00718593584,true
1980.0,0.00279756337,true,0.00705918342,true
2040.0,0.00134900779,true,0.00692829081,true
2100.0,0.00247378779,true,0.0071687073,true
2160.0,0.00436893941,true,0.00740413342,true
2220.0,0.00428251551,true,0.00739949755,true
2280.0,0.00456731735,true,0.00729210703,true
2340.0,0.00258689705,true,0.00735201795,true
2400.0,0.00283520378,true,0.00740232813,true
2460.0,0.00418995806,true,0.00731221649,true
2520.0,0.00504922587,true,0.00732942499,true
2580.0,0.00384801094,true,0.00738834818,true
2640.0,0.00455465863,true,0.007394393,true
2700.0,0.00666949671,true,0.00733073954,true
2760.0,0.00590411387,true,0.0071165201,true
2820.0,0.00731110807,true,0.00691391484,true
2880.0,0.00750359278,true,0.00702054705,true
2940.0,0.00426640627,true,0.00702652618,true
3000.0,0.00543908269,true,0.00680611396,true
3060.0,0.0089961455,true,0.0065444561,true
3120.0,0.00681552294,true,0.00628933919,true
3180.0,0.00554880925,true,0.00597772082,true
3240.0,0.00773773374,true,0.00557190999,true
3300.0,0.00855584666,true,0.005412188,true
3360.0,0.00645080686,true,0.0053547141,true
3420.0,0.00559916908,true,0.00528651875,true
3480.0,0.006898999,true,0.00532005806,true
3540.0,0.00772590395,true,0.00532257665,true
3600.0,0.00615389284,true,0.00535306511,true
3660.0,0.0060136999,true,0.00536983874,true
3720.0,0.00612314417,true,0.00531539393,true
3780.0,0.0047032962,true,0.00528738372,true
3840.0,0.00509388041,true,0.00533515998,true
3900.0,0.00406076398,true,0.00540787908,true
3960.0,0.00666951103,true,0.00542415301,true
4020.0,0.00894669126,true,0.00546941337,true
4080.0,0.0057469327,true,0.00549181096,true
4140.0,0.00553701584,true,0.00540026069,true
4200.0,0.00669405566,true,0.00539922004,true
4260.0,0.00653653892,true,0.00543787742,true
4320.0,0.00550946622,true,0.00535852549,true
4380.0,0.00559766205,true,0.00534475842,true
4440.0,0.00591340238,true,0.00539255666,true
4500.0,0.00486750323,true,0.00564075342,true
4560.0,0.00512326347,true,0.00589567403,true
4620.0,0.00535667437,true,0.00586780115,true
4680.0,0.00586227496,true,0.00569546285,true
4740.0,0.00606895594,true,0.00539844884,true
4800.0,0.00629643064,true,0.0053394003,true
4860.0,0.00473014241,true,0.00542942413,true
4920.0,0.00375401072,true,0.00552452964,true
4980.0,0.00259469294,true,0.00567868296,true
5040.0,0.00315409083,true,0.00561872657,true
5100.0,0.00603199201,true,0.00571537788,true
5160.0,0.00651944249,true,0.0059174073,true
5220.0,0.00585243738,true,0.00588038052,true
5280.0,0.0046214477,true,0.00579857953,true
5340.0,0.00380180921,true,0.00581288693,true
5400.0,0.00351242647,true,0.00581247233,true
5460.0,0.00447895332,true,0.00570420033,true
5520.0,0.00350488584,true,0.00553894182,true
5580.0,0.00688135419,true,0.00539855176,true
5640.0,0.0102819752,true,0.00539599027,true
5700.0,0.00820749898,true,0.00531765124,true
5760.0,0.00561455083,true,0.00527843317,true
5820.0,0.00407703394,true,0.00539742329,true
5880.0,0.0046724808,true,0.00557442474,true
5940.0,0.0066101666,true,0.005776909,true
6000.0,0.00696437914,true,0.00585888819,true
6060.0,0.00423252571,true,0.00587270871,true
6120.0,0.00273054858,true,0.00591807276,true
6180.0,0.00483200363,true,0.00582459327,true
6240.0,0.00706683242,true,0.00559220502,true
6300.0,0.00505348869,true,0.00539384368,true
6360.0,0.003483395,true,0.00535566118,true
6420.0,0.00442446352,true,0.00527579238,true
6480.0,0.00576159258,true,0.00511397753,true
6540.0,0.00619667081,true,0.00513982999,true
6600.0,0.002665933,true,0.00518452885,true
6660.0,0.00173274322,true,0.00518344403,true
6720.0,0.00555784807,true,0.00515693453,true
6780.0,0.00667919525,true,0.00514108741,true
6840.0,0.0055614653,true,0.00504692329,true
6900.0,0.00738980835,true,0.0051103793,true
6960.0,0.00795492818,true,0.00546586921,true
7020.0,0.00569416936,true,0.00560984794,true
7080.0,0.00244560882,true,0.0056734509,true
7140.0,0.00307085942,true,0.00575845736,true
7200.0,0.00576282722,true,0.00578039095,true
7260.0,0.0058760849,true,0.00585014823,true
7320.0,0.00767902473,true,0.00589347526,true
7380.0,0.00654390714,true,0.00580201723,true
7440.0,0.00524676696,true,0.00562608489,true
7500.0,0.0055499693,true,0.00561643628,true
7560.0,0.00516238914,true,0.00557833709,true
7620.0,0.00469789975,true,0.00539624677,true
7680.0,0.00758566378,true,0.00534280662,true
7740.0,0.00853747212,true,0.00531887481,true
7800.0,0.00548338262,true,0.00526644093,true
7860.0,0.00508443072,true,0.00542660804,true
7920.0,0.00577059936,true,0.00562398155,true
7980.0,0.00506576296,true,0.00587172096,true
8040.0,0.0043467883,true,0.00610887855,true
8100.0,0.00308264796,true,0.00603323806,true
8160.0,0.004151943,true,0.00558829345,true
8220.0,0.00652343617,true,0.00506333544,true
8280.0,0.00691579918,true,0.0049624944,true
8340.0,0.00730789502,true,0.00500562642,true
8400.0,0.00747612983,true,0.00511079826,true
8460.0,0.00731542419,true,0.00524909055,true
8520.0,0.00541907206,true,0.00525005602,true
8580.0,0.00561456835,true,0.00510962132,true
8640.0,0.00722579109,true,0.00487350354,true
8700.0,0.00609958363,true,0.00487639503,true
8760.0,0.00379743703,true,0.00497902351,true
8820.0,0.00482473444,true,0.00492804662,true
8880.0,0.00687333094,true,0.00502505709,true
8940.0,0.00585738072,true,0.00507025405,true
9000.0,0.00324599413,true,0.00504572298,true
9060.0,0.00423336486,true,0.00519721163,true
9120.0,0.00650065762,true,0.00538382845,true
9180.0,0.00607455851,true,0.00555167691,true
9240.0,0.00567544016,true,0.00547134023,true
9300.0,0.00473748308,true,0.00519410428,true
9360.0,0.00564918106,true,0.00489188156,true
9420.0,0.00799634279,true,0.00464960464,true
9480.0,0.00781961906,true,0.0046733022,true
9540.0,0.00672838689,true,0.00464415023,true
9600.0,0.00561479072,true,0.00470852462,true
9660.0,0.00485519004,true,0.00488997278,true
9720.0,0.00472239207,true,0.00475097813,true
9780.0,0.00380302276,true,0.00476553415,true
9840.0,0.00496528216,true,0.00501869679,true
9900.0,0.00467662384,true,0.00500996976,true
9960.0,0.00531842829,true,0.00499813397,true
10020.0,0.00598576764,true,0.00532712931,true
10080.0,0.00411373212,true,0.00551533152,true
10140.0,0.00508133572,true,0.00546090708,true
10200.0,0.00617604413,true,0.00551582448,true
10260.0,0.00391181991,true,0.00555246864,true
10320.0,0.00387279833,true,0.00539123611,true
10380.0,0.00550921183,true,0.00532099596,true
10440.0,0.00443332867,true,0.00538098406,true
10500.0,0.00289390386,true,0.00530822756,true
10560.0,0.00377960815,true,0.00527866447,true
10620.0,0.0038951434,true,0.00544545745,true
10680.0,0.00245139096,true,0.00549633216,true
10740.0,0.00508601135,true,0.00528523846,true
10800.0,0.00654922658,true,0.00535687164,true
10860.0,0.00588199442,true,0.0055618663,true
10920.0,0.00552097521,true,0.00544794288,true
10980.0,0.00401078654,true,0.00547639271,true
11040.0,0.00330423891,true,0.00555728576,true
11100.0,0.0049299221,true,0.00544589953,true
11160.0,0.00351304641,true,0.00539602526,true
11220.0,-8.18921857e-06,true,0.00548298062,true
11280.0,0.00129755325,true,0.00558115552,true
11340.0,0.00663158091,true,0.00544791964,true
11400.0,0.00866502477,true,0.00522916015,true
11460.0,0.00661115252,true,0.00522755983,true
11520.0,0.00498715721,true,0.0053485618,true
11580.0,0.000578122757,true,0.00536227452,true
11640.0,-0.000355107706,true,0.00545123898,true
11700.0,0.00219293772,true,0.00544362922,true
11760.0,0.00382382189,true,0.0052594577,true
11820.0,0.00807243044,true,0.00523396293,true
11880.0,0.00621757568,true,0.00511844428,true
11940.0,0.00480993296,true,0.00507356953,true
12000.0,0.00962965647,true,0.00500278963,true
12060.0,0.010873108,true,0.00485564895,true
12120.0,0.0067425845,true,0.00479243207,true
12180.0,0.00487138359,true,0.00477191073,true
12240.0,0.00622300961,true,0.00485364295,true
12300.0,0.00547088584,true,0.00504830716,true
12360.0,0.00667568875,true,0.00510927314,true
12420.0,0.00757663383,true,0.00518189427,true
12480.0,0.00746653401,true,0.00527391896,true
12540.0,0.00632885498,true,0.00521433845,true
12600.0,0.00543038055,true,0.00547367418,true
12660.0,0.00673878959,true,0.00557239295,true
12720.0,0.00646295359,true,0.00547369995,true
12780.0,0.00327345573,true,0.00559678815,true
12840.0,0.00384660736,true,0.00566294522,true
12900.0,0.00426810579,true,0.00571332939,true
12960.0,0.0030312457,true,0.00584512168,true
13020.0,0.0053061306,true,0.00584571952,true
13080.0,0.00533473904,true,0.00558027468,true
13140.0,0.00713000193,true,0.00531016362,true
13200.0,0.00679320716,true,0.00527398747,true
13260.0,0.00460170489,true,0.00521900886,true
13320.0,0.00388448865,true,0.00518789403,true
13380.0,0.0026417601,true,0.00519953127,true
13440.0,0.00567306917,true,0.00526862085,true
13500.0,0.00717523503,true,0.00530622894,true
13560.0,0.00516520701,true,0.00522274734,true
13620.0,0.00564768961,true,0.00526336941,true
13680.0,0.00348681655,true,0.00523382029,true
13740.0,0.00254468139,true,0.00512997899,true
13800.0,0.00406227872,true,0.00524228968,true
13860.0,0.00335632029,true,0.0053119403,true
13920.0,0.0074508094,true,0.00538664377,true
13980.0,0.0076698502,true,0.00550464731,true
14040.0,0.00561717956,true,0.00531237485,true
14100.0,0.00561150103,true,0.00526193633,true
14160.0,0.00658464528,true,0.00540024808,true
14220.0,0.00726147247,true,0.00533766456,true
14280.0,0.00443853396,true,0.0052221434,true
14340.0,0.0050576331,true,0.00507405848,true
14400.0,0.00644436442,true,0.00495185834,true
