time_s,naive_float32_K_m_s,centered_float32_K_m_s,quantized_input_float64_K_m_s
10.0,2.002716064453125e-5,3.9105743780964985e-5,3.9093116842747805e-5
20.0,1.9073486328125e-6,5.2939594752388075e-5,5.292412774564678e-5
30.0,2.288818359375e-5,0.00010045483941212296,0.00010040451548555483
40.0,-7.62939453125e-6,0.00010884630319196731,0.0001087895366617293
50.0,2.193450927734375e-5,0.00015272092423401773,0.00015271858432934932
60.0,-2.47955322265625e-5,0.00015993106353562325,0.00015988445204336157
70.0,2.384185791015625e-5,0.0002028892922680825,0.00020277866435722408
80.0,-2.288818359375e-5,0.00021251619909889996,0.0002124427367177647
90.0,-4.76837158203125e-6,0.00024360133102163672,0.0002436124931980013
100.0,-1.811981201171875e-5,0.00026206191978417337,0.0002619743800346546
110.0,-1.811981201171875e-5,0.00028476802981458604,0.000284615364051622
120.0,-1.811981201171875e-5,0.0003092217375524342,0.00030917418363519316
130.0,-2.86102294921875e-5,0.00031917751766741276,0.0003191714464195496
140.0,-1.811981201171875e-5,0.00035356651642359793,0.000353415348721999
150.0,-4.100799560546875e-5,0.00035622704308480024,0.0003560612869888565
160.0,-2.86102294921875e-5,0.0003916615096386522,0.0003916358369817841
170.0,-8.106231689453125e-5,0.00038991004112176597,0.0003898403239037719
180.0,-4.291534423828125e-5,0.00042735200258903205,0.0004271413696614567
190.0,-0.00010013580322265625,0.00042613656842149794,0.0004259755073975887
200.0,-8.296966552734375e-5,0.00045553618110716343,0.00045551862890609454
210.0,-0.00012111663818359375,0.0004607146547641605,0.00046058237812107196
220.0,-0.00011348724365234375,0.0004831081605516374,0.0004828750561866571
230.0,-0.00014019012451171875,0.0004950675065629184,0.0004949500757967393
240.0,-0.0001583099365234375,0.0005050718900747597,0.0005050316573887541
250.0,-0.00015354156494140625,0.0005275504663586617,0.0005273626575328136
260.0,-0.00017070770263671875,0.0005288320826366544,0.0005286068996759227
270.0,-0.00017452239990234375,0.0005561221623793244,0.00055603408336537
280.0,-0.000213623046875,0.0005501600098796189,0.0005500636051996914
290.0,-0.000194549560546875,0.0005822827224619687,0.0005820315088520939
300.0,-0.00024509429931640625,0.0005743244546465576,0.0005740985685267739
310.0,-0.0002288818359375,0.0006025447510182858,0.0006024640355607341
320.0,-0.00027942657470703125,0.0005979385459795594,0.0005977589443517006
330.0,-0.0002574920654296875,0.0006213104352355003,0.0006210065129091856
340.0,-0.00029087066650390625,0.000622790539637208,0.0006225897017353736
350.0,-0.00031280517578125,0.000635159551165998,0.0006350651106706846
360.0,-0.00031185150146484375,0.0006468138308264315,0.000646559993624149
370.0,-0.00032711029052734375,0.0006498362054117024,0.0006495128303965923
380.0,-0.00034236907958984375,0.0006687717977911234,0.0006686051547070748
390.0,-0.00038623809814453125,0.0006624218076467514,0.0006622803275281918
400.0,-0.00036716461181640625,0.0006887447088956833,0.0006884143336992321
410.0,-0.00042057037353515625,0.0006776895606890321,0.0006773688091738153
420.0,-0.0004215240478515625,0.0007040910422801971,0.0007039399676807669
430.0,-0.00047969818115234375,0.0006930576055310667,0.0006928290080578776
440.0,-0.0004367828369140625,0.0007174487109296024,0.0007170703232422226
450.0,-0.0005083084106445312,0.0007106181001290679,0.0007103267218827727
460.0,-0.0005121231079101562,0.0007262933650054038,0.0007261395725896043
470.0,-0.0005245208740234375,0.0007282923324964941,0.0007279954486636831
480.0,-0.0005350112915039062,0.0007349877269007266,0.0007345994849348134
490.0,-0.0005636215209960938,0.0007454564911313355,0.0007452123822702155
500.0,-0.0005950927734375,0.0007415942964144051,0.0007414052117931882
510.0,-0.0005884170532226562,0.0007612722110934556,0.0007609118650920158
520.0,-0.0006256103515625,0.0007503125234507024,0.0007499407390197519
530.0,-0.0006313323974609375,0.0007737068808637559,0.0007734853455038509
540.0,-0.000690460205078125,0.000759440241381526,0.0007591791727934209
550.0,-0.000652313232421875,0.000783932046033442,0.0007835286462370798
560.0,-0.0007266998291015625,0.0007712171645835042,0.0007708645759805984
570.0,-0.000732421875,0.0007900495547801256,0.0007898307649060232
580.0,-0.0007715225219726562,0.0007838901947252452,0.0007835690392618942
590.0,-0.0007610321044921875,0.0007950765429995954,0.0007946682471075672
600.0,-0.0008020401000976562,0.0007973098545335233,0.0007970009684230017
610.0,-0.0008382797241210938,0.0007978608482517302,0.0007976178101042841
620.0,-0.0008335113525390625,0.0008101567509584129,0.0008097910110410417
630.0,-0.00086212158203125,0.0008018873631954193,0.0008014967532373623
640.0,-0.0008897781372070312,0.0008208358776755631,0.0008205670189576476
650.0,-0.0009412765502929688,0.000806305673904717,0.0008060328226611363
660.0,-0.0009145736694335938,0.0008294213912449777,0.0008290235635657589
670.0,-0.0009679794311523438,0.0008134001982398331,0.0008130285702429802
680.0,-0.000972747802734375,0.0008343390072695911,0.0008340936226339192
690.0,-0.0010242462158203125,0.00082194380229339,0.000821624902138069
700.0,-0.001003265380859375,0.0008374739554710686,0.0008370711140187605
710.0,-0.0010652542114257812,0.0008321530767716467,0.0008318381169094155
720.0,-0.0010976791381835938,0.0008380356593988836,0.0008378153207811423
730.0,-0.0010957717895507812,0.0008426634594798088,0.0008423197566528894
740.0,-0.0011091232299804688,0.0008389887516386807,0.0008385964831760811
750.0,-0.0011339187622070312,0.0008521232521161437,0.0008518707147094708
760.0,-0.0011720657348632812,0.0008399088983424008,0.0008396820763927709
770.0,-0.0011472702026367188,0.0008599864086136222,0.0008596049274226959
780.0,-0.00119781494140625,0.0008432755712419748,0.0008429058870633983
790.0,-0.0012121200561523438,0.0008646349306218326,0.0008644268850969844
800.0,-0.0012788772583007812,0.0008482742123305798,0.0008479976383817062
810.0,-0.0012331008911132812,0.0008672159165143967,0.0008668107154064474
820.0,-0.0013170242309570312,0.0008556105894967914,0.0008552925851109882
830.0,-0.0013399124145507812,0.0008668150985613465,0.0008666366712684032
840.0,-0.0013551712036132812,0.0008640052401460707,0.0008636887026989131
850.0,-0.0013551712036132812,0.0008660266175866127,0.0008656252395885669
860.0,-0.001399993896484375,0.0008724238723516464,0.0008721795122236271
870.0,-0.001422882080078125,0.0008645387715660036,0.0008643546711904494
880.0,-0.0014057159423828125,0.0008799354545772076,0.0008795716587928202
890.0,-0.00144195556640625,0.0008650103118270636,0.0008646369676931384
900.0,-0.0014467239379882812,0.0008848702418617904,0.0008846801525362097
910.0,-0.001422882080078125,0.0008669673698022962,0.000866732313494538
920.0,-0.0013790130615234375,0.0008877135696820915,0.0008873114845126634
930.0,-0.0014505386352539062,0.0008716314332559705,0.0008713003285271009
940.0,-0.0014009475708007812,0.0008873419719748199,0.0008871876517658627
950.0,-0.0014009475708007812,0.0008779175695963204,0.0008776288400639652
960.0,-0.0013980865478515625,0.0008858764194883406,0.000885469272316816
970.0,-0.0014553070068359375,0.0008852175087668002,0.0008849658375336298
980.0,-0.0014095306396484375,0.0008829799480736256,0.0008828272543959913
990.0,-0.0013990402221679688,0.0008923847926780581,0.0008920430097471527
1000.0,-0.0014257431030273438,0.0008813552558422089,0.0008809716094054533
1010.0,-0.00145721435546875,0.0008977942634373903,0.0008976088469429195
1020.0,-0.0014209747314453125,0.0008807733538560569,0.0008805812801918465
1030.0,-0.0013875961303710938,0.0009013505186885595,0.0009009581150032582
1040.0,-0.0014562606811523438,0.0008829623111523688,0.0008826157201298836
1050.0,-0.0014200210571289062,0.0009016978438012302,0.0009015551717330438
1060.0,-0.001422882080078125,0.0008870856836438179,0.0008868258323078075
1070.0,-0.0013980865478515625,0.0009004099993035197,0.0009000003648220851
1080.0,-0.001461029052734375,0.0008930510957725346,0.0008927826229748028
1090.0,-0.0013990402221679688,0.000896996702067554,0.0008968676552637572
1100.0,-0.0013942718505859375,0.0008996528922580183,0.000899336462598956
1110.0,-0.001407623291015625,0.0008940635598264635,0.0008936690797731895
1120.0,-0.0014400482177734375,0.0009054391994141042,0.0009052491095723417
1130.0,-0.0013895034790039062,0.000891509058419615,0.0008913529041339334
1140.0,-0.0013666152954101562,0.0009098422015085816,0.0009094669561186939
1150.0,-0.0014181137084960938,0.0008914798963814974,0.0008911215272476865
1160.0,-0.00140380859375,0.0009113113046623766,0.0009111718679360687
1170.0,-0.0014019012451171875,0.0008934231009334326,0.0008931938174743494
1180.0,-0.0013561248779296875,0.0009108339436352253,0.0009104260263436565
1190.0,-0.0014295578002929688,0.0008978086989372969,0.0008975174350743986
1200.0,-0.0013742446899414062,0.0009076747228391469,0.0009075601062080867
1210.0,-0.0013704299926757812,0.000903504726011306,0.0009032130797109433
1220.0,-0.001373291015625,0.0009041940211318433,0.0009037902531192547
1230.0,-0.0014162063598632812,0.0009093676344491541,0.0009091625155908925
1240.0,-0.0013589859008789062,0.0009002991137094796,0.0009001675727116779
1250.0,-0.0013427734375,0.0009144901996478438,0.0009141351998817358
1260.0,-0.0013837814331054688,0.0008984142332337797,0.0008980461283215505
1270.0,-0.0013942718505859375,0.0009172140271402895,0.0009170695458916846
1280.0,-0.0013742446899414062,0.0008982584695331752,0.0008980610663232654
1290.0,-0.001331329345703125,0.0009179444168694317,0.0009175421064836994
1300.0,-0.0014162063598632812,0.0009008718188852072,0.0009005560960387305
1310.0,-0.0013675689697265625,0.0009156559826806188,0.0009155466885794358
1320.0,-0.0013675689697265625,0.0009052944369614124,0.0009050275610821281
1330.0,-0.0013589859008789062,0.0009123276686295867,0.0009119188258248684
1340.0,-0.0014123916625976562,0.0009108162485063076,0.0009105893294738942
1350.0,-0.0013599395751953125,0.0009077619761228561,0.0009076481926185077
1360.0,-0.0013570785522460938,0.0009163350332528353,0.0009160025315023025
1370.0,-0.0013875961303710938,0.0009045039187185466,0.000904122231124342
1380.0,-0.00142669677734375,0.0009202063083648682,0.0009200508071573054
1390.0,-0.0013885498046875,0.0009024611208587885,0.000902296991742778
1400.0,-0.0013589859008789062,0.0009223038796335459,0.0009219124557390709
1410.0,-0.001430511474609375,0.0009032255038619041,0.0009028863208999928
1420.0,-0.00139617919921875,0.0009213191224262118,0.0009212066407527519
1430.0,-0.0014019012451171875,0.0009060614975169301,0.0009058188297838162
1440.0,-0.0013761520385742188,0.0009187430841848254,0.0009183316627138651
1450.0,-0.00144195556640625,0.0009107907535508275,0.0009105358055140557
1460.0,-0.0013875961303710938,0.0009141717455349863,0.0009140696856751594
1470.0,-0.0013818740844726562,0.000916253833565861,0.00091594554417483
1480.0,-0.001399993896484375,0.0009101068717427552,0.00090971186934298
1490.0,-0.0014324188232421875,0.0009209709241986275,0.000920798405957184
1500.0,-0.0013942718505859375,0.0009065408376045525,0.0009064048097654055
1510.0,-0.0013704299926757812,0.0009243662352673709,0.0009239919764142636
1520.0,-0.0014247894287109375,0.0009055229020304978,0.000905166972156537
1530.0,-0.001407623291015625,0.000924909021705389,0.0009247889281962405
1540.0,-0.0014133453369140625,0.0009065755293704569,0.0009063597244476912
1550.0,-0.0013647079467773438,0.0009235410252586007,0.0009231314361889013
1560.0,-0.0014438629150390625,0.0009101014584302902,0.0009098178145333305
1570.0,-0.0013933181762695312,0.0009195767343044281,0.0009194813936508736
1580.0,-0.00139617919921875,0.0009150113328360021,0.0009147268274911364
1590.0,-0.0014028549194335938,0.0009153130813501775,0.0009149080228425512
1600.0,-0.0014438629150390625,0.000920129707083106,0.0009199359717713508
1610.0,-0.0013990402221679688,0.00091071572387591,0.0009106001825743479
1620.0,-0.0013828277587890625,0.0009245565161108971,0.0009242038720419745
1630.0,-0.0014238357543945312,0.0009081453899852931,0.0009077785306679767
1640.0,-0.0014324188232421875,0.000926635751966387,0.0009265048923649007
1650.0,-0.0014200210571289062,0.0009073737892322242,0.0009071874482719583
1660.0,-0.001377105712890625,0.0009267510613426566,0.0009263486008636361
1670.0,-0.00145721435546875,0.0009093901608139277,0.0009090786144413641
1680.0,-0.0014123916625976562,0.0009239038918167353,0.0009238079888165305
1690.0,-0.0014162063598632812,0.0009132692357525229,0.0009130091184315074
1700.0,-0.0014066696166992188,0.0009200336644425988,0.0009196238869585463
1710.0,-0.001461029052734375,0.000918273872230202,0.0009180537566253212
1720.0,-0.0014085769653320312,0.0009149811812676489,0.0009148788331769235
1730.0,-0.0013980865478515625,0.0009233115124516189,0.0009229822367208119
1740.0,-0.0014247894287109375,0.0009112476836889982,0.0009108662992840909
1750.0,-0.0014591217041015625,0.0009267349378205836,0.0009265884389887815
1760.0,-0.0014200210571289062,0.0009087778744287789,0.0009086230630551939
1770.0,-0.0013914108276367188,0.0009284073021262884,0.0009280167340947803
1780.0,-0.0014581680297851562,0.0009091278188861907,0.0009087914210974337
1790.0,-0.0014238357543945312,0.0009270342998206615,0.0009269313838768231
1800.0,-0.0014276504516601562,0.0009115883149206638,0.0009113517548331085
1810.0,-0.001407623291015625,0.0009240834042429924,0.0009236718287939507
1820.0,-0.0014696121215820312,0.0009159577311947942,0.0009157075619047897
1830.0,-0.0014181137084960938,0.0009191742283292115,0.0009190808868608846
1840.0,-0.0014123916625976562,0.0009210894932039082,0.0009207840135319673
1850.0,-0.0014324188232421875,0.0009147803648374975,0.0009143853721517596
1860.0,-0.0014677047729492188,0.0009254944743588567,0.0009253281496027285
1870.0,-0.0014238357543945312,0.0009109183447435498,0.0009107896584719723
1880.0,-0.0014057159423828125,0.0009285961859859526,0.0009282233375085568
1890.0,-0.0014581680297851562,0.0009096128051169217,0.0009092586276731364
1900.0,-0.0014467239379882812,0.0009288685396313667,0.0009287557907398173
1910.0,-0.0014467239379882812,0.0009104060591198504,0.0009101951608034263
1920.0,-0.00140380859375,0.0009272419847548008,0.0009268327240688721
1930.0,-0.0014791488647460938,0.0009136819280683994,0.0009134011122771926
1940.0,-0.0014247894287109375,0.0009230434661731124,0.000922954257410726
1950.0,-0.0014247894287109375,0.0009183624060824513,0.0009180809697044813
1960.0,-0.0014324188232421875,0.0009185515809804201,0.0009181468114504277
1970.0,-0.0014753341674804688,0.000923264364246279,0.0009230744575013909
1980.0,-0.0014219284057617188,0.0009137499728240073,0.0009136393753366216
1990.0,-0.0014057159423828125,0.000927488727029413,0.0009271370447057293
2000.0,-0.0014476776123046875,0.0009109802776947618,0.000910613743297968
2010.0,-0.0014543533325195312,0.0009293803595937788,0.0009292535686291563
2020.0,-0.0014362335205078125,0.0009100291645154357,0.000909846118820336
2030.0,-0.00139617919921875,0.0009293169132433832,0.0009289140834806598
2040.0,-0.0014734268188476562,0.0009118720190599561,0.000911561370778905
2050.0,-0.00142669677734375,0.0009263069950975478,0.0009262146485762437
2060.0,-0.0014286041259765625,0.000915593293029815,0.0009153342848992631
2070.0,-0.0014209747314453125,0.0009222790249623358,0.0009218685058657263
2080.0,-0.0014705657958984375,0.0009204466477967799,0.0009202282752704313
2090.0,-0.0014171600341796875,0.0009170841076411307,0.0009169852462631848
2100.0,-0.0014085769653320312,0.0009253444732166827,0.0009250155484049939
2110.0,-0.0014324188232421875,0.0009132125414907932,0.0009128309661915975
2120.0,-0.0014638900756835938,0.0009286372805945575,0.0009284929678088076
2130.0,-0.0014247894287109375,0.0009106186334975064,0.0009104659609503006
2140.0,-0.0013990402221679688,0.0009301856625825167,0.0009297950200973804
2150.0,-0.0014638900756835938,0.0009108477970585227,0.0009105116832952967
2160.0,-0.0014276504516601562,0.000928699504584074,0.0009285991051774069
2170.0,-0.001430511474609375,0.0009131990373134613,0.0009129635963738166
2180.0,-0.001407623291015625,0.000925639527849853,0.0009252275164310427
2190.0,-0.0014677047729492188,0.0009174635633826256,0.0009172141890271742
2200.0,-0.0014123916625976562,0.0009206324466504157,0.0009205407415988707
2210.0,-0.0014104843139648438,0.0009224991663359106,0.0009221935485590541
2220.0,-0.0014276504516601562,0.0009161424823105335,0.0009157468496155685
2230.0,-0.0014591217041015625,0.0009268129360862076,0.0009266477476047996
2240.0,-0.001415252685546875,0.0009121941984631121,0.0009120670461103186
2250.0,-0.0013952255249023438,0.0009298291406594217,0.0009294560115406498
2260.0,-0.0014467239379882812,0.0009108047815971076,0.0009104506030540426
2270.0,-0.001434326171875,0.000930023321416229,0.0009299114117839717
2280.0,-0.0014352798461914062,0.000911522307433188,0.0009113124951024301
2290.0,-0.001392364501953125,0.0009283206891268492,0.0009279109785460386
2300.0,-0.0014677047729492188,0.0009147254750132561,0.0009144449941581
2310.0,-0.0014142990112304688,0.0009240543004125357,0.000923965967934811
2320.0,-0.0014133453369140625,0.0009193396545015275,0.0009190580945240402
2330.0,-0.0014209747314453125,0.0009194957674480975,0.000919090331697892
2340.0,-0.0014638900756835938,0.0009241783409379423,0.0009239887577373496
2350.0,-0.0014104843139648438,0.0009146345546469092,0.0009145247497547409
2360.0,-0.0013942718505859375,0.0009283434483222663,0.0009279915335471284
2370.0,-0.0014371871948242188,0.0009118066518567502,0.0009114396946071729
2380.0,-0.0014486312866210938,0.0009301805403083563,0.0009300543103360916
2390.0,-0.0014295578002929688,0.000910803209990263,0.0009106206402243622
2400.0,-0.0013875961303710938,0.0009300647652707994,0.0009296614575294877
2410.0,-0.0014677047729492188,0.000912595191039145,0.000912284645150214
2420.0,-0.0014219284057617188,0.0009270072332583368,0.0009269157546252131
2430.0,-0.0014257431030273438,0.000916269957087934,0.0009160116504483038
2440.0,-0.0014162063598632812,0.0009229329298250377,0.0009225224064176408
2450.0,-0.001468658447265625,0.0009210795979015529,0.0009208617543234229
2460.0,-0.0014133453369140625,0.0009176971507258713,0.0009175988849074298
2470.0,-0.0014066696166992188,0.0009259367361664772,0.0009256078912465211
2480.0,-0.0014324188232421875,0.000913784431759268,0.0009134033115279596
2490.0,-0.0014657974243164062,0.0009291908936575055,0.00092904779380215
2500.0,-0.0014257431030273438,0.0009111544932238758,0.0009110028327025034
2510.0,-0.0013990402221679688,0.0009307033033110201,0.0009303130691885961
2520.0,-0.0014657974243164062,0.0009113482665270567,0.0009110128289620827
2530.0,-0.0014314651489257812,0.0009291842579841614,0.0009290849446955299
2540.0,-0.0014352798461914062,0.0009136673179455101,0.0009134331570625374
2550.0,-0.00141143798828125,0.0009260921506211162,0.000925680718423251
2560.0,-0.0014743804931640625,0.0009179014014080167,0.0009176530987646026
2570.0,-0.0014190673828125,0.0009210559073835611,0.0009209660256562548
2580.0,-0.0014171600341796875,0.0009229083661921322,0.0009226041735267378
2590.0,-0.001434326171875,0.0009165380033664405,0.0009161434744993428
2600.0,-0.001468658447265625,0.0009271957096643746,0.0009270321722059422
2610.0,-0.0014238357543945312,0.0009125648648478091,0.0009124391740280623
2620.0,-0.0014028549194335938,0.0009301873506046832,0.0009298151135284005
2630.0,-0.0014562606811523438,0.000911151000764221,0.0009107978487459044
2640.0,-0.0014438629150390625,0.0009303586557507515,0.0009302480667630923
2650.0,-0.001445770263671875,0.0009118468733504415,0.0009116379964180683
2660.0,-0.0014009475708007812,0.0009286341955885291,0.0009282250951574423
2670.0,-0.0014791488647460938,0.0009150285040959716,0.0009147490973720235
2680.0,-0.0014247894287109375,0.0009243473177775741,0.0009242606990146137
2690.0,-0.0014247894287109375,0.0009196229511871934,0.0009193427501206427
2700.0,-0.0014314651489257812,0.0009197692270390689,0.0009193651976333991
2710.0,-0.0014753341674804688,0.0009244430111721158,0.0009242551113205335
2720.0,-0.0014219284057617188,0.0009148909593932331,0.0009147826766887431
2730.0,-0.0014066696166992188,0.0009285910637117922,0.000928240462914022
2740.0,-0.0014486312866210938,0.0009120454778894782,0.0009116803104380925
2750.0,-0.0014581680297851562,0.0009304119739681482,0.0009302875821225684
2760.0,-0.0014390945434570312,0.0009110271348617971,0.0009108462735279496
2770.0,-0.0013971328735351562,0.0009302807156927884,0.0009298791822805935
2780.0,-0.001476287841796875,0.0009128038655035198,0.0009124953491971256
2790.0,-0.0014295578002929688,0.0009272093884646893,0.0009271200006093464
2800.0,-0.0014324188232421875,0.0009164654184132814,0.0009162089803625851
2810.0,-0.001422882080078125,0.0009231215226463974,0.0009227129005210194
2820.0,-0.001476287841796875,0.0009212623699568212,0.000921046299246282
2830.0,-0.0014181137084960938,0.000917874276638031,0.0009177776499325695
2840.0,-0.00141143798828125,0.0009261079248972237,0.0009257804523886444
2850.0,-0.0014362335205078125,0.000913949916139245,0.0009135700470062491
2860.0,-0.001468658447265625,0.0009293514885939658,0.0009292094255536399
2870.0,-0.0014276504516601562,0.0009113098494708538,0.0009111592340326564
2880.0,-0.001399993896484375,0.0009308533044531941,0.0009304639871095334
2890.0,-0.0014667510986328125,0.0009114929125644267,0.0009111588225845428
2900.0,-0.0014324188232421875,0.0009293244802393019,0.0009292264793370948
2910.0,-0.0014352798461914062,0.0009138032328337431,0.0009135699493621918
2920.0,-0.0014104843139648438,0.000926222768612206,0.0009258127451138481
2930.0,-0.0014743804931640625,0.0009180278866551816,0.0009177809618411902
2940.0,-0.0014171600341796875,0.0009211789583787322,0.0009210899193050401
2950.0,-0.0014142990112304688,0.0009230271098203957,0.0009227237966947477
2960.0,-0.0014314651489257812,0.0009166523232124746,0.0009162590191678212
2970.0,-0.0014657974243164062,0.0009273067116737366,0.0009271441626926394
2980.0,-0.0014200210571289062,0.0009126724326051772,0.0009125475822492797
2990.0,-0.0013990402221679688,0.0009302909020334482,0.0009299197270397906
3000.0,-0.0014514923095703125,0.0009112510015256703,0.0009108990082851486
3010.0,-0.0014390945434570312,0.0009304552222602069,0.0009303461410198954
3020.0,-0.0014400482177734375,0.0009119404130615294,0.0009117328213929917
3030.0,-0.0013952255249023438,0.0009287243010476232,0.0009283166035434348
3040.0,-0.00147247314453125,0.0009151157573796809,0.0009148376886582812
3050.0,-0.0014181137084960938,0.0009244320681318641,0.0009243465600137708
3060.0,-0.0014162063598632812,0.0009197046747431159,0.0009194256759327963
3070.0,-0.001422882080078125,0.0009198479820042849,0.0009194452715240985
3080.0,-0.0014667510986328125,0.0009245194378308952,0.0009243327053954871
3090.0,-0.0014133453369140625,0.0009149647667072713,0.0009148578159147192
3100.0,-0.0013971328735351562,0.0009286623098887503,0.0009283129809706563
3110.0,-0.0014390945434570312,0.0009121143375523388,0.0009117504065975363
3120.0,-0.0014486312866210938,0.0009304786799475551,0.0009303555388172156
3130.0,-0.0014286041259765625,0.0009110916871577501,0.0009109120049817044
3140.0,-0.0013866424560546875,0.0009303429396823049,0.0009299426098164494
3150.0,-0.0014657974243164062,0.000912864285055548,0.0009125567314633839
3160.0,-0.0014200210571289062,0.0009272678289562464,0.0009271795015147921
3170.0,-0.0014219284057617188,0.0009165218216367066,0.000916266466479739
3180.0,-0.00141143798828125,0.0009231760050170124,0.0009227683952307296
3190.0,-0.0014657974243164062,0.0009213148732669652,0.000921100060842699
3200.0,-0.0014085769653320312,0.0009179248590953648,0.0009178297277308062
3210.0,-0.0014009475708007812,0.0009261565865017474,0.000925830722872231
3220.0,-0.0014276504516601562,0.0009139970643445849,0.0009136186203584621
3230.0,-0.0014600753784179688,0.000929397065192461,0.0009292565120899653
3240.0,-0.0014181137084960938,0.0009113537380471826,0.000911204796843726
3250.0,-0.0013914108276367188,0.0009308955632150173,0.000930507952494249
3260.0,-0.0014591217041015625,0.0009115340653806925,0.0009112013534238343
3270.0,-0.0014247894287109375,0.0009293642942793667,0.0009292677111876394
3280.0,-0.0014276504516601562,0.0009138414170593023,0.0009136097996743514
3290.0,-0.0014028549194335938,0.0009262600215151906,0.000925851207109372
3300.0,-0.0014677047729492188,0.0009180638007819653,0.0009178182108937056
3310.0,-0.0014104843139648438,0.000921213417313993,0.0009211260119848027
3320.0,-0.001407623291015625,0.00092306052101776,0.0009227586452986068
3330.0,-0.00142669677734375,0.0009166848030872643,0.0009162926796238949
3340.0,-0.0014600753784179688,0.000927338027395308,0.0009271767877451696
3350.0,-0.0014142990112304688,0.0009127024677582085,0.0009125791637168878
3360.0,-0.0013933181762695312,0.0009303200640715659,0.0009299502030331952
3370.0,-0.0014476776123046875,0.0009112791158258915,0.0009109284780679531
3380.0,-0.0014352798461914062,0.0009304824634455144,0.0009303747119985319
3390.0,-0.0014352798461914062,0.0009119666647166014,0.0009117604457914271
3400.0,-0.0013904571533203125,0.0009287496795877814,0.0009283432617537521
3410.0,-0.0014696121215820312,0.0009151401463896036,0.0009148634970595731
3420.0,-0.001415252685546875,0.0009244554094038904,0.0009243715730282493
3430.0,-0.0014133453369140625,0.0009197273757308722,0.0009194498338691506
3440.0,-0.0014209747314453125,0.0009198699262924492,0.0009194685986392327
3450.0,-0.00146484375,0.0009245405672118068,0.0009243553100909421
3460.0,-0.0014104843139648438,0.0009149850811809301,0.0009148797054639486
3470.0,-0.0013942718505859375,0.0009286819840781391,0.0009283341069214017
3480.0,-0.001438140869140625,0.0009121331968344748,0.000911770827001563
3490.0,-0.0014476776123046875,0.0009304970153607428,0.0009303753359528106
3500.0,-0.0014276504516601562,0.0009111093240790069,0.0009109311538603763
3510.0,-0.0013856887817382812,0.0009303599945269525,0.000929961087517885
3520.0,-0.0014657974243164062,0.0009128806996159256,0.0009125746133372882
3530.0,-0.0014200210571289062,0.000927283545024693,0.0009271968353111693
3540.0,-0.0014219284057617188,0.0009165372466668487,0.0009162832133282335
3550.0,-0.00141143798828125,0.0009231909061782062,0.0009227845619427103
3560.0,-0.0014657974243164062,0.0009213293087668717,0.0009211157226644093
3570.0,-0.0014085769653320312,0.0009179387707263231,0.0009178448990286793
3580.0,-0.0014009475708007812,0.000926170265302062,0.0009258453676636023
3590.0,-0.0014276504516601562,0.0009140101610682905,0.0009136327707418079
3600.0,-0.0014600753784179688,0.0009294096962548792,0.0009292702293341821
3610.0,-0.0014181137084960938,0.0009113659034483135,0.0009112180701964895
3620.0,-0.0013914108276367188,0.0009309073793701828,0.0009305207604850843
3630.0,-0.0014591217041015625,0.0009115454740822315,0.0009112137435030812
3640.0,-0.0014247894287109375,0.0009293752373196185,0.0009292797228455428
3650.0,-0.0014276504516601562,0.0009138521854765713,0.000913621408862668
3660.0,-0.0014028549194335938,0.000926270498894155,0.0009258624118533349
3670.0,-0.0014677047729492188,0.000918074045330286,0.00091782906228333
3680.0,-0.0014104843139648438,0.0009212233708240092,0.0009211365265001284
3690.0,-0.001407623291015625,0.0009230701252818108,0.0009227687973896926
3700.0,-0.00142669677734375,0.0009166940581053495,0.0009163024855837644
3710.0,-0.0014600753784179688,0.0009273472242057323,0.0009271862920720145
3720.0,-0.0014142990112304688,0.0009127113735303283,0.0009125883640267776
3730.0,-0.0013933181762695312,0.0009303286205977201,0.000929959081295877
3740.0,-0.0014476776123046875,0.0009112876141443849,0.0009109370632015331
3750.0,-0.0014352798461914062,0.0009304909035563469,0.0009303830352931404
3760.0,-0.0014352798461914062,0.0009119749302044511,0.0009117684933282354
3770.0,-0.0013904571533203125,0.0009287577122449875,0.0009283510278204195
3780.0,-0.0014696121215820312,0.0009151480044238269,0.000914871015560192
3790.0,-0.001415252685546875,0.0009244632092304528,0.0009243788598171308
3800.0,-0.0014133453369140625,0.0009197350009344518,0.0009194568715563734
3810.0,-0.0014209747314453125,0.0009198773768730462,0.0009194753942914104
3820.0,-0.00146484375,0.0009245479595847428,0.0009243618952882349
3830.0,-0.0014104843139648438,0.0009149923571385443,0.0009148860823249897
3840.0,-0.0013942718505859375,0.0009286890272051096,0.0009283402613309132
3850.0,-0.001438140869140625,0.0009121401817537844,0.0009117767758712898
3860.0,-0.0014476776123046875,0.0009305038838647306,0.0009303811032516222
3870.0,-0.0014276504516601562,0.0009111160761676729,0.0009109367323091932
3880.0,-0.0013856887817382812,0.0009303665137849748,0.0009299664704400407
3890.0,-0.0014657974243164062,0.0009128870442509651,0.0009125798226828083
3900.0,-0.0014200210571289062,0.0009272898896597326,0.0009272018849903048
3910.0,-0.0014219284057617188,0.0009165433584712446,0.0009162880920181114
3920.0,-0.00141143798828125,0.0009231968433596194,0.0009227892716276666
3930.0,-0.0014657974243164062,0.000921335129532963,0.0009211202852642589
3940.0,-0.0014085769653320312,0.0009179445332847536,0.0009178493187289186
3950.0,-0.0014009475708007812,0.0009261757368221879,0.0009258496339825565
3960.0,-0.0014276504516601562,0.0009140155161730945,0.0009136368930300139
3970.0,-0.0014600753784179688,0.0009294149931520224,0.0009292742254399655
3980.0,-0.0014181137084960938,0.0009113710839301348,0.0009112219369878962
3990.0,-0.0013914108276367188,0.0009309123852290213,0.0009305244917077209
4000.0,-0.0014591217041015625,0.0009115503635257483,0.0009112173529795968
4010.0,-0.0014247894287109375,0.0009293800685554743,0.0009292832220799852
4020.0,-0.0014276504516601562,0.0009138568420894444,0.0009136247908499584
4030.0,-0.0014028549194335938,0.0009262749226763844,0.000925865676018447
4040.0,-0.0014677047729492188,0.0009180783526971936,0.0009178322235089304
4050.0,-0.0014104843139648438,0.0009212276199832559,0.0009211395895871653
4060.0,-0.001407623291015625,0.0009230741416104138,0.0009227717548959711
4070.0,-0.00142669677734375,0.0009166979580186307,0.0009163053422554661
4080.0,-0.0014600753784179688,0.0009273510077036917,0.0009271890608712039
4090.0,-0.0014142990112304688,0.0009127150988206267,0.0009125910442596776
4100.0,-0.0013933181762695312,0.000930332113057375,0.0009299616677108607
4110.0,-0.0014476776123046875,0.0009112909901887178,0.0009109395642221082
4120.0,-0.0014352798461914062,0.000930494221393019,0.0009303854600341708
4130.0,-0.0014352798461914062,0.0009119780734181404,0.0009117708377357338
4140.0,-0.0013904571533203125,0.000928760739043355,0.0009283532902305494
4150.0,-0.0014696121215820312,0.0009151510312221944,0.0009148732058491532
4160.0,-0.001415252685546875,0.0009244661196134984,0.0009243809826035504
4170.0,-0.0014133453369140625,0.0009197377366945148,0.0009194589217749189
4180.0,-0.0014209747314453125,0.0009198800544254482,0.0009194773740005836
4190.0,-0.00146484375,0.0009245505789294839,0.0009243638136875165
4200.0,-0.0014104843139648438,0.0009149949182756245,0.0009148879400317282
4210.0,-0.0013942718505859375,0.0009286913555115461,0.0009283420542329831
4220.0,-0.001438140869140625,0.000912142510060221,0.0009117785088955187
4230.0,-0.0014476776123046875,0.0009305061539635062,0.0009303827833809767
4240.0,-0.0014276504516601562,0.0009111182880587876,0.0009109383574226574
4250.0,-0.0013856887817382812,0.0009303685510531068,0.0009299680385921351
4260.0,-0.0014657974243164062,0.0009128890815190971,0.0009125813402686949
4270.0,-0.0014200210571289062,0.0009272918687202036,0.000927203356062493
4280.0,-0.0014219284057617188,0.0009165451629087329,0.000916289513277494
4290.0,-0.00141143798828125,0.0009231985895894468,0.0009227906436522836
4300.0,-0.0014657974243164062,0.0009213368175551295,0.0009211216144404328
4310.0,-0.0014085769653320312,0.0009179461630992591,0.0009178506062758174
4320.0,-0.0014009475708007812,0.0009261772502213717,0.0009258508768460198
4330.0,-0.0014276504516601562,0.0009140170295722783,0.0009136380939343294
4340.0,-0.0014600753784179688,0.0009294164483435452,0.0009292753895852953
4350.0,-0.0014181137084960938,0.0009113724809139967,0.000911223063461346
4360.0,-0.0013914108276367188,0.0009309136657975614,0.0009305255786867324
4370.0,-0.0014591217041015625,0.0009115516440942883,0.0009112184044917835
4380.0,-0.0014247894287109375,0.0009293813491240144,0.0009292842414771365
4390.0,-0.0014276504516601562,0.0009138580644503236,0.0009136257760903223
4400.0,-0.0014028549194335938,0.0009262760868296027,0.000925866626934297
4410.0,-0.0014677047729492188,0.0009180795168504119,0.0009178331444368482
4420.0,-0.0014104843139648438,0.0009212287841364741,0.0009211404819257559
4430.0,-0.001407623291015625,0.0009230753057636321,0.0009227726164763473
4440.0,-0.00142669677734375,0.000916699122171849,0.0009163061744604894
4450.0,-0.0014600753784179688,0.00092735217185691,0.0009271898674776926
4460.0,-0.0014142990112304688,0.000912716262973845,0.0009125918250650929
4470.0,-0.0013933181762695312,0.0009303332772105932,0.00092996242118465
4480.0,-0.0014476776123046875,0.0009112920961342752,0.0009109402928188713
4490.0,-0.0014352798461914062,0.0009304953273385763,0.0009303861664095976
4500.0,-0.0014352798461914062,0.0009119791793636978,0.0009117715207083242
4510.0,-0.0013904571533203125,0.0009287618449889123,0.0009283539493154494
4520.0,-0.0014696121215820312,0.0009151520789600909,0.0009148738439238407
4530.0,-0.001415252685546875,0.0009244671673513949,0.0009243816010135402
4540.0,-0.0014133453369140625,0.0009197387844324112,0.0009194595190442677
4550.0,-0.0014209747314453125,0.0009198811021633446,0.0009194779507290667
4560.0,-0.00146484375,0.0009245515684597194,0.0009243643725552252
4570.0,-0.0014104843139648438,0.00091499590780586,0.0009148884812185003
4580.0,-0.0013942718505859375,0.0009286923450417817,0.0009283425765409196
4590.0,-0.001438140869140625,0.0009121434413827956,0.0009117790137598801
4600.0,-0.0014476776123046875,0.0009305070852860808,0.0009303832728359354
4610.0,-0.0014276504516601562,0.0009111192193813622,0.0009109388308504286
4620.0,-0.0013856887817382812,0.0009303694823756814,0.0009299684954260967
4630.0,-0.0014657974243164062,0.0009128899546340108,0.000912581782371716
4640.0,-0.0014200210571289062,0.0009272927418351173,0.0009272037846151357
4650.0,-0.0014219284057617188,0.0009165460360236466,0.0009162899273186643
4660.0,-0.00141143798828125,0.0009231994627043605,0.0009227910433503568
4670.0,-0.0014657974243164062,0.0009213376324623823,0.0009211220016559538
4680.0,-0.0014085769653320312,0.0009179469780065119,0.0009178509813639116
4690.0,-0.0014009475708007812,0.0009261780651286244,0.0009258512389168163
4700.0,-0.0014276504516601562,0.0009140177862718701,0.0009136384437815708
4710.0,-0.0014600753784179688,0.0009294172050431371,0.0009292757287238995
4720.0,-0.0014181137084960938,0.0009113732376135886,0.0009112233916254059
4730.0,-0.0013914108276367188,0.0009309144224971533,0.0009305258953453563
4740.0,-0.0014591217041015625,0.0009115523425862193,0.0009112187108181261
4750.0,-0.0014247894287109375,0.0009293820476159453,0.0009292845384475235
4760.0,-0.0014276504516601562,0.0009138587629422545,0.0009136260631102739
4770.0,-0.0014028549194335938,0.0009262767853215337,0.0009258669039549496
4780.0,-0.0014677047729492188,0.0009180801571346819,0.0009178334127214646
4790.0,-0.0014104843139648438,0.0009212294244207442,0.0009211407418817369
4800.0,-0.001407623291015625,0.0009230759460479021,0.0009227728674717537
4810.0,-0.00142669677734375,0.0009166997042484581,0.0009163064168982361
4820.0,-0.0014600753784179688,0.0009273527539335191,0.0009271901024582609
4830.0,-0.0014142990112304688,0.0009127168450504541,0.0009125920525293239
4840.0,-0.0013933181762695312,0.0009303338592872024,0.0009299626406864142
4850.0,-0.0014476776123046875,0.0009112926782108843,0.0009109405050734803
4860.0,-0.0014352798461914062,0.0009304959094151855,0.0009303863721909886
4870.0,-0.0014352798461914062,0.0009119797614403069,0.0009117717196718421
4880.0,-0.0013904571533203125,0.0009287624270655215,0.0009283541413196355
4890.0,-0.0014696121215820312,0.0009151526610367,0.000914874029807543
4900.0,-0.001415252685546875,0.000924467749428004,0.0009243817811688024
4910.0,-0.0014133453369140625,0.0009197393665090203,0.0009194596930406039
4920.0,-0.0014209747314453125,0.0009198816842399538,0.0009194781187412579
4930.0,-0.00146484375,0.0009245521505363286,0.0009243645353645163
4940.0,-0.0014104843139648438,0.0009149964898824692,0.0009148886388770695
4950.0,-0.0013942718505859375,0.0009286929271183908,0.0009283427286993867
4960.0,-0.001438140869140625,0.0009121440234594047,0.000911779160836641
4970.0,-0.0014476776123046875,0.00093050766736269,0.0009303834154239055
4980.0,-0.0014276504516601562,0.0009111198014579713,0.0009109389687693448
4990.0,-0.0013856887817382812,0.0009303700644522905,0.000929968628510723
5000.0,-0.0014657974243164062,0.0009128905367106199,0.0009125819111650197
5010.0,-0.0014200210571289062,0.0009272933239117265,0.0009272039094611167
5020.0,-0.0014219284057617188,0.0009165466181002557,0.000916290047937087
5030.0,-0.00141143798828125,0.0009231999865733087,0.0009227911597902515
5040.0,-0.0014657974243164062,0.0009213381563313305,0.0009211221144595677
5050.0,-0.0014085769653320312,0.0009179475018754601,0.0009178510906346241
5060.0,-0.0014009475708007812,0.0009261785307899117,0.0009258513443952865
5070.0,-0.0014276504516601562,0.0009140182519331574,0.0009136385456990704
5080.0,-0.0014600753784179688,0.0009294176707044244,0.0009292758275218483
5090.0,-0.0014181137084960938,0.0009113737032748759,0.000911223487226216
5100.0,-0.0013914108276367188,0.0009309148299507797,0.0009305259875942313
5110.0,-0.0014591217041015625,0.0009115527500398457,0.0009112188000570293
5120.0,-0.0014247894287109375,0.0009293824550695717,0.0009292846249609794
5130.0,-0.0014276504516601562,0.0009138591703958809,0.0009136261467249194
5140.0,-0.0014028549194335938,0.0009262771345674992,0.0009258669846565163
5150.0,-0.0014677047729492188,0.0009180805063806474,0.0009178334908780945
5160.0,-0.0014104843139648438,0.0009212297736667097,0.0009211408176121429
5170.0,-0.001407623291015625,0.0009230762952938676,0.0009227729405916845
5180.0,-0.00142669677734375,0.0009166999952867627,0.0009163064875251356
5190.0,-0.0014600753784179688,0.0009273530449718237,0.0009271901709126424
5200.0,-0.0014142990112304688,0.0009127171360887587,0.0009125921187940387
5210.0,-0.0013933181762695312,0.000930334092117846,0.0009299627046317771
5220.0,-0.0014476776123046875,0.000911292911041528,0.0009109405669075838
5230.0,-0.0014352798461914062,0.0009304961422458291,0.0009303864321389967
5240.0,-0.0014352798461914062,0.0009119799942709506,0.0009117717776338199
5250.0,-0.0013904571533203125,0.0009287626016885042,0.0009283541972545566
5260.0,-0.0014696121215820312,0.0009151528356596828,0.0009148740839592927
5270.0,-0.001415252685546875,0.0009244679240509868,0.0009243818336515372
5280.0,-0.0014133453369140625,0.0009197395411320031,0.0009194597437292327
5290.0,-0.0014209747314453125,0.0009198818006552756,0.0009194781676866597
5300.0,-0.00146484375,0.0009245522669516504,0.0009243645827941656
5310.0,-0.0014104843139648438,0.000914996606297791,0.0009148886848062066
5320.0,-0.0013942718505859375,0.0009286929853260517,0.0009283427730262221
5330.0,-0.001438140869140625,0.0009121440816670656,0.000911779203683077
5340.0,-0.0014476776123046875,0.0009305077255703509,0.0009303834569627195
5350.0,-0.0014276504516601562,0.0009111198596656322,0.0009109390089479114
5360.0,-0.0013856887817382812,0.0009303700644522905,0.0009299686672807748
5370.0,-0.0014657974243164062,0.0009128905367106199,0.0009125819486849828
5380.0,-0.0014200210571289062,0.0009272933239117265,0.0009272039458312109
5390.0,-0.0014219284057617188,0.0009165466181002557,0.0009162900830755173
5400.0,-0.00141143798828125,0.0009231999865733087,0.0009227911937113421
5410.0,-0.0014657974243164062,0.0009213381563313305,0.000921122147321378
5420.0,-0.0014085769653320312,0.0009179475018754601,0.0009178511224672579
5430.0,-0.0014009475708007812,0.0009261785307899117,0.000925851375123079
5440.0,-0.0014276504516601562,0.0009140182519331574,0.0009136385753894426
5450.0,-0.0014600753784179688,0.0009294176707044244,0.0009292758563035041
5460.0,-0.0014181137084960938,0.0009113737032748759,0.0009112235150765065
5470.0,-0.0013914108276367188,0.0009309148299507797,0.0009305260144679737
5480.0,-0.0014591217041015625,0.0009115527500398457,0.0009112188260539583
5490.0,-0.0014247894287109375,0.0009293824550695717,0.0009292846501640112
5500.0,-0.0014276504516601562,0.0009138591703958809,0.0009136261710834174
5510.0,-0.0014028549194335938,0.0009262771345674992,0.0009258670081663194
5520.0,-0.0014677047729492188,0.0009180805063806474,0.0009178335136465007
5530.0,-0.0014104843139648438,0.0009212297736667097,0.0009211408396737026
5540.0,-0.001407623291015625,0.0009230762952938676,0.0009227729618928088
5550.0,-0.00142669677734375,0.0009166999952867627,0.0009163065080999964
5560.0,-0.0014600753784179688,0.0009273530449718237,0.0009271901908547023
5570.0,-0.0014142990112304688,0.0009127171360887587,0.0009125921380982289
5580.0,-0.0013933181762695312,0.000930334092117846,0.0009299627232600961
5590.0,-0.0014476776123046875,0.000911292911041528,0.0009109405849208622
5600.0,-0.0014352798461914062,0.0009304961422458291,0.000930386449603028
5610.0,-0.0014352798461914062,0.0009119799942709506,0.0009117717945191791
5620.0,-0.0013904571533203125,0.0009287626016885042,0.0009283542135491932
5630.0,-0.0014696121215820312,0.0009151528356596828,0.0009148740997345198
5640.0,-0.001415252685546875,0.0009244679240509868,0.0009243818489406222
5650.0,-0.0014133453369140625,0.0009197395411320031,0.0009194597584956601
5660.0,-0.0014209747314453125,0.0009198818006552756,0.0009194781819452733
5670.0,-0.00146484375,0.0009245522669516504,0.0009243645966111133
5680.0,-0.0014104843139648438,0.000914996606297791,0.0009148886981860096
5690.0,-0.0013942718505859375,0.0009286929853260517,0.0009283427859393548
5700.0,-0.001438140869140625,0.0009121440816670656,0.0009117792161649486
5710.0,-0.0014476776123046875,0.0009305077255703509,0.0009303834690635918
5720.0,-0.0014276504516601562,0.0009111198596656322,0.0009109390206525378
5730.0,-0.0013856887817382812,0.0009303700644522905,0.0009299686785751247
5740.0,-0.0014657974243164062,0.0009128905367106199,0.0009125819596151791
5750.0,-0.0014200210571289062,0.0009272933239117265,0.0009272039564265206
5760.0,-0.0014219284057617188,0.0009165466181002557,0.0009162900933119204
5770.0,-0.00141143798828125,0.0009231999865733087,0.0009227912035929879
5780.0,-0.0014657974243164062,0.0009213381563313305,0.0009211221568946347
5790.0,-0.0014085769653320312,0.0009179475018754601,0.00091785113174085
5800.0,-0.0014009475708007812,0.0009261785307899117,0.000925851384074494
5810.0,-0.0014276504516601562,0.0009140182519331574,0.0009136385840385788
5820.0,-0.0014600753784179688,0.0009294176707044244,0.0009292758646883029
5830.0,-0.0014181137084960938,0.0009113737032748759,0.0009112235231899662
5840.0,-0.0013914108276367188,0.0009309148299507797,0.0009305260222965768
5850.0,-0.0014591217041015625,0.0009115527500398457,0.0009112188336272387
5860.0,-0.0014247894287109375,0.0009293824550695717,0.0009292846575064383
5870.0,-0.0014276504516601562,0.0009138591703958809,0.000913626178179551
5880.0,-0.0014028549194335938,0.0009262771345674992,0.0009258670150148265
5890.0,-0.0014677047729492188,0.0009180805063806474,0.0009178335202794059
5900.0,-0.0014104843139648438,0.0009212297736667097,0.0009211408461010779
5910.0,-0.001407623291015625,0.0009230762952938676,0.0009227729680981044
5920.0,-0.00142669677734375,0.0009166999952867627,0.0009163065140934882
5930.0,-0.0014600753784179688,0.0009273530449718237,0.0009271901966643928
5940.0,-0.0014142990112304688,0.0009127171360887587,0.0009125921437221921
5950.0,-0.0013933181762695312,0.000930334092117846,0.000929962728686504
5960.0,-0.0014476776123046875,0.000911292911041528,0.0009109405901681892
5970.0,-0.0014352798461914062,0.0009304961422458291,0.0009303864546910397
5980.0,-0.0014352798461914062,0.0009119799942709506,0.0009117717994383798
5990.0,-0.0013904571533203125,0.0009287626016885042,0.0009283542182956871
6000.0,-0.0014696121215820312,0.0009151528356596828,0.0009148741043301618
6010.0,-0.001415252685546875,0.0009244679240509868,0.0009243818533952483
6020.0,-0.0014133453369140625,0.0009197395411320031,0.0009194597627973897
6030.0,-0.0014209747314453125,0.0009198818006552756,0.0009194781860986361
6040.0,-0.00146484375,0.0009245522669516504,0.00092436460063658
6050.0,-0.0014104843139648438,0.000914996606297791,0.0009148887020843935
6060.0,-0.0013942718505859375,0.0009286929853260517,0.0009283427897009903
6070.0,-0.001438140869140625,0.0009121440816670656,0.00091177921980091
6080.0,-0.0014476776123046875,0.0009305077255703509,0.000930383472589293
6090.0,-0.0014276504516601562,0.0009111198596656322,0.0009109390240626951
6100.0,-0.0013856887817382812,0.0009303700644522905,0.0009299686818652347
6110.0,-0.0014657974243164062,0.0009128905367106199,0.0009125819627994118
6120.0,-0.0014200210571289062,0.0009272933239117265,0.0009272039595135753
6130.0,-0.0014219284057617188,0.0009165466181002557,0.0009162900962942355
6140.0,-0.00141143798828125,0.0009231999865733087,0.000922791206471787
6150.0,-0.0014657974243164062,0.0009213381563313305,0.000921122159683753
6160.0,-0.0014085769653320312,0.0009179475018754601,0.0009178511344427288
6170.0,-0.0014009475708007812,0.0009261785307899117,0.0009258513866824869
6180.0,-0.0014276504516601562,0.0009140182519331574,0.0009136385865585043
6190.0,-0.0014600753784179688,0.0009294176707044244,0.0009292758671312126
6200.0,-0.0014181137084960938,0.0009113737032748759,0.000911223525553828
6210.0,-0.0013914108276367188,0.0009309148299507797,0.0009305260245775651
6220.0,-0.0014591217041015625,0.0009115527500398457,0.0009112188358337873
6230.0,-0.0014247894287109375,0.0009293824550695717,0.0009292846596455272
6240.0,-0.0014276504516601562,0.0009138591703958809,0.0009136261802470414
6250.0,-0.0014028549194335938,0.0009262771345674992,0.0009258670170104132
6260.0,-0.0014677047729492188,0.0009180805063806474,0.0009178335222119543
6270.0,-0.0014104843139648438,0.0009212297736667097,0.000921140847973525
6280.0,-0.001407623291015625,0.0009230762952938676,0.000922772969906219
6290.0,-0.00142669677734375,0.0009166999952867627,0.000916306515840063
6300.0,-0.0014600753784179688,0.0009273530449718237,0.0009271901983569953
6310.0,-0.0014142990112304688,0.0009127171360887587,0.0009125921453606041
6320.0,-0.0013933181762695312,0.000930334092117846,0.0009299627302679486
6330.0,-0.0014476776123046875,0.000911292911041528,0.0009109405916973793
6340.0,-0.0014352798461914062,0.0009304961422458291,0.0009303864561731957
6350.0,-0.0014352798461914062,0.0009119799942709506,0.0009117718008715916
6360.0,-0.0013904571533203125,0.0009287626016885042,0.0009283542196792089
6370.0,-0.0014696121215820312,0.0009151528356596828,0.0009148741056692809
6380.0,-0.001415252685546875,0.0009244679240509868,0.0009243818546927072
6390.0,-0.0014133453369140625,0.0009197395411320031,0.000919459764050944
6400.0,-0.0014209747314453125,0.0009198818006552756,0.0009194781873094135
6410.0,-0.00146484375,0.0009245522669516504,0.0009243646018093038
6420.0,-0.0014104843139648438,0.000914996606297791,0.0009148887032198085
6430.0,-0.0013942718505859375,0.0009286929853260517,0.0009283427907974623
6440.0,-0.001438140869140625,0.0009121440816670656,0.000911779220860817
6450.0,-0.0014476776123046875,0.0009305077255703509,0.0009303834736161794
6460.0,-0.0014276504516601562,0.0009111198596656322,0.0009109390250560749
6470.0,-0.0013856887817382812,0.0009303700644522905,0.0009299686828244264
6480.0,-0.0014657974243164062,0.0009128905367106199,0.0009125819637273944
6490.0,-0.0014200210571289062,0.0009272933239117265,0.0009272039604125712
6500.0,-0.0014219284057617188,0.0009165466181002557,0.0009162900971631856
6510.0,-0.00141143798828125,0.0009231999865733087,0.0009227912073110619
6520.0,-0.0014657974243164062,0.0009213381563313305,0.0009211221604963108
6530.0,-0.0014085769653320312,0.0009179475018754601,0.0009178511352295478
6540.0,-0.0014009475708007812,0.0009261785307899117,0.0009258513874425225
6550.0,-0.0014276504516601562,0.0009140182519331574,0.0009136385872930199
6560.0,-0.0014600753784179688,0.0009294176707044244,0.0009292758678426822
6570.0,-0.0014181137084960938,0.0009113737032748759,0.0009112235262422754
6580.0,-0.0013914108276367188,0.0009309148299507797,0.0009305260252423801
6590.0,-0.0014591217041015625,0.0009115527500398457,0.0009112188364767894
6600.0,-0.0014247894287109375,0.0009293824550695717,0.0009292846602684682
6610.0,-0.0014276504516601562,0.0009138591703958809,0.0009136261808493333
6620.0,-0.0014028549194335938,0.0009262771345674992,0.0009258670175920741
6630.0,-0.0014677047729492188,0.0009180805063806474,0.0009178335227749853
6640.0,-0.0014104843139648438,0.0009212297736667097,0.0009211408485188317
6650.0,-0.001407623291015625,0.0009230762952938676,0.0009227729704330693
6660.0,-0.00142669677734375,0.0009166999952867627,0.0009163065163491065
6670.0,-0.0014600753784179688,0.0009273530449718237,0.0009271901988500384
6680.0,-0.0014142990112304688,0.0009127171360887587,0.0009125921458378218
6690.0,-0.0013933181762695312,0.000930334092117846,0.0009299627307288117
6700.0,-0.0014476776123046875,0.000911292911041528,0.0009109405921429979
6710.0,-0.0014352798461914062,0.0009304961422458291,0.0009303864566049172
6720.0,-0.0014352798461914062,0.0009119799942709506,0.0009117718012891185
6730.0,-0.0013904571533203125,0.0009287626016885042,0.0009283542200824101
6740.0,-0.0014696121215820312,0.0009151528356596828,0.0009148741060594654
6750.0,-0.001415252685546875,0.0009244679240509868,0.0009243818550706578
6760.0,-0.0014133453369140625,0.0009197395411320031,0.000919459764416194
6770.0,-0.0014209747314453125,0.0009198818006552756,0.0009194781876622587
6780.0,-0.00146484375,0.0009245522669516504,0.0009243646021509834
6790.0,-0.0014104843139648438,0.000914996606297791,0.0009148887035505952
6800.0,-0.0013942718505859375,0.0009286929853260517,0.0009283427911169755
6810.0,-0.001438140869140625,0.0009121440816670656,0.0009117792211696808
6820.0,-0.0014476776123046875,0.0009305077255703509,0.0009303834739153708
6830.0,-0.0014276504516601562,0.0009111198596656322,0.0009109390253455169
6840.0,-0.0013856887817382812,0.0009303700644522905,0.0009299686831039663
6850.0,-0.0014657974243164062,0.0009128905367106199,0.0009125819639978208
6860.0,-0.0014200210571289062,0.0009272933239117265,0.0009272039606745124
6870.0,-0.0014219284057617188,0.0009165466181002557,0.0009162900974164154
6880.0,-0.00141143798828125,0.0009231999865733087,0.0009227912075556861
6890.0,-0.0014657974243164062,0.0009213381563313305,0.0009211221607331071
6900.0,-0.0014085769653320312,0.0009179475018754601,0.0009178511354588184
6910.0,-0.0014009475708007812,0.0009261785307899117,0.0009258513876640632
6920.0,-0.0014276504516601562,0.0009140182519331574,0.0009136385875071417
6930.0,-0.0014600753784179688,0.0009294176707044244,0.0009292758680500215
6940.0,-0.0014181137084960938,0.0009113737032748759,0.0009112235264429106
6950.0,-0.0013914108276367188,0.0009309148299507797,0.0009305260254362247
6960.0,-0.0014591217041015625,0.0009115527500398457,0.000911218836664247
6970.0,-0.0014247894287109375,0.0009293824550695717,0.0009292846604499886
6980.0,-0.0014276504516601562,0.0009138591703958809,0.00091362618102488
6990.0,-0.0014028549194335938,0.0009262771345674992,0.0009258670177616769
7000.0,-0.0014677047729492188,0.0009180805063806474,0.0009178335229390952
7010.0,-0.0014104843139648438,0.0009212297736667097,0.0009211408486777228
7020.0,-0.001407623291015625,0.0009230762952938676,0.0009227729705866486
7030.0,-0.00142669677734375,0.0009166999952867627,0.0009163065164975272
7040.0,-0.0014600753784179688,0.0009273530449718237,0.0009271901989937194
7050.0,-0.0014142990112304688,0.0009127171360887587,0.000912592145976878
7060.0,-0.0013933181762695312,0.000930334092117846,0.0009299627308631691
7070.0,-0.0014476776123046875,0.000911292911041528,0.0009109405922729049
7080.0,-0.0014352798461914062,0.0009304961422458291,0.0009303864567307066
7090.0,-0.0014352798461914062,0.0009119799942709506,0.0009117718014107929
7100.0,-0.0013904571533203125,0.0009287626016885042,0.0009283542201999612
7110.0,-0.0014696121215820312,0.0009151528356596828,0.0009148741061731873
7120.0,-0.001415252685546875,0.0009244679240509868,0.0009243818551807705
7130.0,-0.0014133453369140625,0.0009197395411320031,0.0009194597645226438
7140.0,-0.0014209747314453125,0.0009198818006552756,0.00091947818776512
7150.0,-0.00146484375,0.0009245522669516504,0.0009243646022505474
7160.0,-0.0014104843139648438,0.000914996606297791,0.000914888703646969
7170.0,-0.0013942718505859375,0.0009286929853260517,0.0009283427912101015
7180.0,-0.001438140869140625,0.0009121440816670656,0.0009117792212597059
7190.0,-0.0014476776123046875,0.0009305077255703509,0.0009303834740025379
7200.0,-0.0014276504516601562,0.0009111198596656322,0.0009109390254298476
7210.0,-0.0013856887817382812,0.0009303700644522905,0.0009299686831854384
7220.0,-0.0014657974243164062,0.0009128905367106199,0.0009125819640766248
7230.0,-0.0014200210571289062,0.0009272933239117265,0.0009272039607508198
7240.0,-0.0014219284057617188,0.0009165466181002557,0.0009162900974901967
7250.0,-0.00141143798828125,0.0009231999865733087,0.0009227912076269746
7260.0,-0.0014657974243164062,0.0009213381563313305,0.0009211221608020982
7270.0,-0.0014085769653320312,0.0009179475018754601,0.0009178511355256083
7280.0,-0.0014009475708007812,0.0009261785307899117,0.0009258513877286107
7290.0,-0.0014276504516601562,0.0009140182519331574,0.0009136385875695295
7300.0,-0.0014600753784179688,0.0009294176707044244,0.0009292758681104243
7310.0,-0.0014181137084960938,0.0009113737032748759,0.000911223526501359
7320.0,-0.0013914108276367188,0.0009309148299507797,0.0009305260254926939
7330.0,-0.0014591217041015625,0.0009115527500398457,0.0009112188367188575
7340.0,-0.0014247894287109375,0.0009293824550695717,0.0009292846605028697
7350.0,-0.0014276504516601562,0.0009138591703958809,0.0009136261810760211
7360.0,-0.0014028549194335938,0.0009262771345674992,0.0009258670178110868
7370.0,-0.0014677047729492188,0.0009180805063806474,0.0009178335229869055
7380.0,-0.0014104843139648438,0.0009212297736667097,0.0009211408487240113
7390.0,-0.001407623291015625,0.0009230762952938676,0.0009227729706313895
7400.0,-0.00142669677734375,0.0009166999952867627,0.0009163065165407647
7410.0,-0.0014600753784179688,0.0009273530449718237,0.0009271901990355764
7420.0,-0.0014142990112304688,0.0009127171360887587,0.000912592146017387
7430.0,-0.0013933181762695312,0.000930334092117846,0.0009299627309023098
7440.0,-0.0014476776123046875,0.000911292911041528,0.0009109405923107494
7450.0,-0.0014352798461914062,0.0009304961422458291,0.000930386456767352
7460.0,-0.0014352798461914062,0.0009119799942709506,0.0009117718014462394
7470.0,-0.0013904571533203125,0.0009287626016885042,0.0009283542202342051
7480.0,-0.0014696121215820312,0.0009151528356596828,0.0009148741062063165
7490.0,-0.001415252685546875,0.0009244679240509868,0.0009243818552128488
7500.0,-0.0014133453369140625,0.0009197395411320031,0.0009194597645536549
7510.0,-0.0014209747314453125,0.0009198818006552756,0.000919478187795086
7520.0,-0.00146484375,0.0009245522669516504,0.0009243646022795523
7530.0,-0.0014104843139648438,0.000914996606297791,0.0009148887036750438
7540.0,-0.0013942718505859375,0.0009286929853260517,0.0009283427912372315
7550.0,-0.001438140869140625,0.0009121440816670656,0.0009117792212859332
7560.0,-0.0014476776123046875,0.0009305077255703509,0.000930383474027932
7570.0,-0.0014276504516601562,0.0009111198596656322,0.0009109390254544149
7580.0,-0.0013856887817382812,0.0009303700644522905,0.0009299686832091734
7590.0,-0.0014657974243164062,0.0009128905367106199,0.0009125819640995817
7600.0,-0.0014200210571289062,0.0009272933239117265,0.0009272039607730481
7610.0,-0.0014219284057617188,0.0009165466181002557,0.0009162900975116895
7620.0,-0.00141143798828125,0.0009231999865733087,0.0009227912076477405
7630.0,-0.0014657974243164062,0.0009213381563313305,0.0009211221608221956
7640.0,-0.0014085769653320312,0.0009179475018754601,0.0009178511355450644
7650.0,-0.0014009475708007812,0.0009261785307899117,0.0009258513877474135
7660.0,-0.0014276504516601562,0.0009140182519331574,0.000913638587587703
7670.0,-0.0014600753784179688,0.0009294176707044244,0.0009292758681280198
7680.0,-0.0014181137084960938,0.0009113737032748759,0.0009112235265183848
7690.0,-0.0013914108276367188,0.0009309148299507797,0.0009305260255091429
7700.0,-0.0014591217041015625,0.0009115527500398457,0.0009112188367347636
7710.0,-0.0014247894287109375,0.0009293824550695717,0.0009292846605182715
7720.0,-0.0014276504516601562,0.0009138591703958809,0.0009136261810909162
7730.0,-0.0014028549194335938,0.0009262771345674992,0.0009258670178254766
7740.0,-0.0014677047729492188,0.0009180805063806474,0.0009178335230008283
7750.0,-0.0014104843139648438,0.0009212297736667097,0.000921140848737492
7760.0,-0.001407623291015625,0.0009230762952938676,0.0009227729706444192
7770.0,-0.00142669677734375,0.0009166999952867627,0.0009163065165533566
7780.0,-0.0014600753784179688,0.0009273530449718237,0.0009271901990477664
7790.0,-0.0014142990112304688,0.0009127171360887587,0.0009125921460291854
7800.0,-0.0013933181762695312,0.000930334092117846,0.0009299627309137095
7810.0,-0.0014476776123046875,0.000911292911041528,0.0009109405923217708
7820.0,-0.0014352798461914062,0.0009304961422458291,0.0009303864567780245
7830.0,-0.0014352798461914062,0.0009119799942709506,0.0009117718014565626
7840.0,-0.0013904571533203125,0.0009287626016885042,0.0009283542202441795
7850.0,-0.0014696121215820312,0.0009151528356596828,0.0009148741062159656
7860.0,-0.001415252685546875,0.0009244679240509868,0.0009243818552221917
7870.0,-0.0014133453369140625,0.0009197395411320031,0.0009194597645626871
7880.0,-0.0014209747314453125,0.0009198818006552756,0.0009194781878038133
7890.0,-0.00146484375,0.0009245522669516504,0.0009243646022879994
7900.0,-0.0014104843139648438,0.000914996606297791,0.0009148887036832205
7910.0,-0.0013942718505859375,0.0009286929853260517,0.000928342791245132
7920.0,-0.001438140869140625,0.0009121440816670656,0.0009117792212935706
7930.0,-0.0014476776123046875,0.0009305077255703509,0.0009303834740353283
7940.0,-0.0014276504516601562,0.0009111198596656322,0.0009109390254615714
7950.0,-0.0013856887817382812,0.0009303700644522905,0.0009299686832160883
7960.0,-0.0014657974243164062,0.0009128905367106199,0.0009125819641062707
7970.0,-0.0014200210571289062,0.0009272933239117265,0.0009272039607795261
7980.0,-0.0014219284057617188,0.0009165466181002557,0.000916290097517953
7990.0,-0.00141143798828125,0.0009231999865733087,0.0009227912076537933
8000.0,-0.0014657974243164062,0.0009213381563313305,0.0009211221608280543
8010.0,-0.0014085769653320312,0.0009179475018754601,0.0009178511355507363
8020.0,-0.0014009475708007812,0.0009261785307899117,0.0009258513877528955
8030.0,-0.0014276504516601562,0.0009140182519331574,0.0009136385875930022
8040.0,-0.0014600753784179688,0.0009294176707044244,0.0009292758681331498
8050.0,-0.0014181137084960938,0.0009113737032748759,0.0009112235265233485
8060.0,-0.0013914108276367188,0.0009309148299507797,0.0009305260255139394
8070.0,-0.0014591217041015625,0.0009115527500398457,0.000911218836739402
8080.0,-0.0014247894287109375,0.0009293824550695717,0.0009292846605227618
8090.0,-0.0014276504516601562,0.0009138591703958809,0.0009136261810952582
8100.0,-0.0014028549194335938,0.0009262771345674992,0.0009258670178296724
8110.0,-0.0014677047729492188,0.0009180805063806474,0.000917833523004888
8120.0,-0.0014104843139648438,0.0009212297736667097,0.000921140848741421
8130.0,-0.001407623291015625,0.0009230762952938676,0.0009227729706482174
8140.0,-0.00142669677734375,0.0009166999952867627,0.0009163065165570272
8150.0,-0.0014600753784179688,0.0009273530449718237,0.0009271901990513193
8160.0,-0.0014142990112304688,0.0009127171360887587,0.0009125921460326231
8170.0,-0.0013933181762695312,0.000930334092117846,0.0009299627309170312
8180.0,-0.0014476776123046875,0.000911292911041528,0.0009109405923249824
8190.0,-0.0014352798461914062,0.0009304961422458291,0.0009303864567811329
8200.0,-0.0014352798461914062,0.0009119799942709506,0.0009117718014595687
8210.0,-0.0013904571533203125,0.0009287626016885042,0.0009283542202470841
8220.0,-0.0014696121215820312,0.0009151528356596828,0.0009148741062187763
8230.0,-0.001415252685546875,0.0009244679240509868,0.0009243818552249124
8240.0,-0.0014133453369140625,0.0009197395411320031,0.0009194597645653171
8250.0,-0.0014209747314453125,0.0009198818006552756,0.000919478187806354
8260.0,-0.00146484375,0.0009245522669516504,0.0009243646022904583
8270.0,-0.0014104843139648438,0.000914996606297791,0.0009148887036855998
8280.0,-0.0013942718505859375,0.0009286929853260517,0.0009283427912474313
8290.0,-0.001438140869140625,0.0009121440816670656,0.000911779221295793
8300.0,-0.0014476776123046875,0.0009305077255703509,0.0009303834740374786
8310.0,-0.0014276504516601562,0.0009111198596656322,0.0009109390254636512
8320.0,-0.0013856887817382812,0.0009303700644522905,0.0009299686832180973
8330.0,-0.0014657974243164062,0.0009128905367106199,0.0009125819641082132
8340.0,-0.0014200210571289062,0.0009272933239117265,0.000927203960781406
8350.0,-0.0014219284057617188,0.0009165466181002557,0.0009162900975197711
8360.0,-0.00141143798828125,0.0009231999865733087,0.000922791207655549
8370.0,-0.0014657974243164062,0.0009213381563313305,0.0009211221608297525
8380.0,-0.0014085769653320312,0.0009179475018754601,0.0009178511355523804
8390.0,-0.0014009475708007812,0.0009261785307899117,0.0009258513877544836
8400.0,-0.0014276504516601562,0.0009140182519331574,0.0009136385875945368
8410.0,-0.0014600753784179688,0.0009294176707044244,0.0009292758681346351
8420.0,-0.0014181137084960938,0.0009113737032748759,0.000911223526524786
8430.0,-0.0013914108276367188,0.0009309148299507797,0.0009305260255153276
8440.0,-0.0014591217041015625,0.0009115527500398457,0.0009112188367407447
8450.0,-0.0014247894287109375,0.0009293824550695717,0.0009292846605240626
8460.0,-0.0014276504516601562,0.0009138591703958809,0.0009136261810965164
8470.0,-0.0014028549194335938,0.0009262771345674992,0.0009258670178308876
8480.0,-0.0014677047729492188,0.0009180805063806474,0.0009178335230060648
8490.0,-0.0014104843139648438,0.0009212297736667097,0.0009211408487425615
8500.0,-0.001407623291015625,0.0009230762952938676,0.0009227729706493191
8510.0,-0.00142669677734375,0.0009166999952867627,0.0009163065165580913
8520.0,-0.0014600753784179688,0.0009273530449718237,0.0009271901990523497
8530.0,-0.0014142990112304688,0.0009127171360887587,0.0009125921460336208
8540.0,-0.0013933181762695312,0.000930334092117846,0.0009299627309179945
8550.0,-0.0014476776123046875,0.000911292911041528,0.0009109405923259139
8560.0,-0.0014352798461914062,0.0009304961422458291,0.0009303864567820358
8570.0,-0.0014352798461914062,0.0009119799942709506,0.0009117718014604421
8580.0,-0.0013904571533203125,0.0009287626016885042,0.000928354220247927
8590.0,-0.0014696121215820312,0.0009151528356596828,0.0009148741062195908
8600.0,-0.001415252685546875,0.0009244679240509868,0.0009243818552257015
8610.0,-0.0014133453369140625,0.0009197395411320031,0.0009194597645660795
8620.0,-0.0014209747314453125,0.0009198818006552756,0.0009194781878070906
8630.0,-0.00146484375,0.0009245522669516504,0.0009243646022911707
8640.0,-0.0014104843139648438,0.000914996606297791,0.0009148887036862901
8650.0,-0.0013942718505859375,0.0009286929853260517,0.0009283427912480977
8660.0,-0.001438140869140625,0.0009121440816670656,0.0009117792212964373
8670.0,-0.0014476776123046875,0.0009305077255703509,0.0009303834740381026
8680.0,-0.0014276504516601562,0.0009111198596656322,0.0009109390254642546
8690.0,-0.0013856887817382812,0.0009303700644522905,0.00092996868321868
8700.0,-0.0014657974243164062,0.0009128905367106199,0.0009125819641087766
8710.0,-0.0014200210571289062,0.0009272933239117265,0.0009272039607819518
8720.0,-0.0014219284057617188,0.0009165466181002557,0.0009162900975202984
8730.0,-0.00141143798828125,0.0009231999865733087,0.000922791207656059
8740.0,-0.0014657974243164062,0.0009213381563313305,0.0009211221608302464
8750.0,-0.0014085769653320312,0.0009179475018754601,0.0009178511355528585
8760.0,-0.0014009475708007812,0.0009261785307899117,0.000925851387754946
8770.0,-0.0014276504516601562,0.0009140182519331574,0.0009136385875949834
8780.0,-0.0014600753784179688,0.0009294176707044244,0.0009292758681350687
8790.0,-0.0014181137084960938,0.0009113737032748759,0.0009112235265252056
8800.0,-0.0013914108276367188,0.0009309148299507797,0.0009305260255157333
8810.0,-0.0014591217041015625,0.0009115527500398457,0.0009112188367411373
8820.0,-0.0014247894287109375,0.0009293824550695717,0.0009292846605244431
8830.0,-0.0014276504516601562,0.0009138591703958809,0.0009136261810968844
8840.0,-0.0014028549194335938,0.0009262771345674992,0.0009258670178312431
8850.0,-0.0014677047729492188,0.0009180805063806474,0.0009178335230064084
8860.0,-0.0014104843139648438,0.0009212297736667097,0.0009211408487428942
8870.0,-0.001407623291015625,0.0009230762952938676,0.0009227729706496406
8880.0,-0.00142669677734375,0.0009166999952867627,0.0009163065165584022
8890.0,-0.0014600753784179688,0.0009273530449718237,0.0009271901990526506
8900.0,-0.0014142990112304688,0.0009127171360887587,0.0009125921460339118
8910.0,-0.0013933181762695312,0.000930334092117846,0.000929962730918276
8920.0,-0.0014476776123046875,0.000911292911041528,0.0009109405923261859
8930.0,-0.0014352798461914062,0.0009304961422458291,0.000930386456782299
8940.0,-0.0014352798461914062,0.0009119799942709506,0.0009117718014606967
8950.0,-0.0013904571533203125,0.0009287626016885042,0.0009283542202481732
8960.0,-0.0014696121215820312,0.0009151528356596828,0.0009148741062198285
8970.0,-0.001415252685546875,0.0009244679240509868,0.0009243818552259318
8980.0,-0.0014133453369140625,0.0009197395411320031,0.0009194597645663021
8990.0,-0.0014209747314453125,0.0009198818006552756,0.0009194781878073058
9000.0,-0.00146484375,0.0009245522669516504,0.0009243646022913793
