time_s,lwp_mean,lwp_variance,cloud_fraction,cloud_base_valid_fraction,cloud_base_mean,cloud_base_variance,q_t_8gkg_inversion_valid_fraction,q_t_8gkg_inversion_height_mean,q_t_8gkg_inversion_height_variance,theta_li_295_inversion_valid_fraction,theta_li_295_inversion_height_mean,theta_li_295_inversion_height_variance,radiation_nearest_q_t_inversion_height_mean,radiation_nearest_q_t_inversion_height_variance,decoupling_delta_q_t,resolved_tke_vertical_integral,resolved_tke_depth_mean,w_variance_max,friction_velocity,convective_velocity_scale,surface_drag_u_dynamic_flux,surface_drag_v_dynamic_flux,surface_drag_u_kinematic_flux,surface_drag_v_kinematic_flux,surface_density_for_drag,surface_sgs_u_w_flux,surface_sgs_v_w_flux,surface_sgs_theta_li_flux,surface_sgs_q_t_flux,surface_sensible_heat_flux,surface_latent_heat_flux,surface_buoyancy_flux
0.0,0.067632705,0,1,1,610,0,1,832.666687,0,1,841.262878,0,830,0,0,0,0,0,0.295254171,0.808471978,-0.0836956277,0.0657608509,-0.0685473159,0.053858608,1.22099054,0,0,0,0,15,115,0.000634634634
60.0,0.0678140819,0,1,1,610,0,1,832.571594,0,1,841.27887,0,830,0,3.7252903e-09,0.00389245525,2.59497006e-06,2.60044999e-05,0.286822021,0.808441222,-0.0789875463,0.0620530583,-0.0646913648,0.0508219004,1.22099054,0,0,0,0,15,115,0.000634634634
120.0,0.067979306,4.65661287e-10,1,1,610,0,1,832.475586,0.0625,1,841.29425,0.0625,830,0,1.76951289e-08,0.0109235952,7.28239684e-06,6.81988022e-05,0.278860271,0.808410168,-0.0746750683,0.0586408116,-0.061159417,0.0480272435,1.22099054,0,0,0,0,15,115,0.000634634634
180.0,0.0681390911,4.65661287e-10,1,1,610,0,1,832.378906,0.0625,1,841.309326,0.0625,830,0,3.44589353e-08,0.0203502122,1.35668079e-05,0.000121597535,0.271331012,0.808378875,-0.0707156956,0.0554931946,-0.0579166599,0.045449324,1.22099054,0,0,0,0,15,115,0.000634634634
240.0,0.0682943761,4.65661287e-09,1,1,610,0,1,832.281006,0,1,841.323975,0.0625,830,0,5.40167093e-08,0.0319319926,2.1287995e-05,0.000182449992,0.264200628,0.808347166,-0.0670725629,0.0525833406,-0.0549329109,0.0430661328,1.22099054,0,0,0,0,15,115,0.000634634634
300.0,0.0684278011,2.46800482e-08,1,1,610,0,1,832.180542,0,1,841.338135,0,830,0,7.4505806e-08,0.0457841866,3.05227913e-05,0.000247145799,0.257439315,0.808314621,-0.0637136996,0.0498878621,-0.0521819778,0.0408585183,1.22099054,0,0,0,0,15,115,0.000634634634
360.0,0.0685131177,1.28988177e-07,1,1,610,0,1,832.074219,0.0625,1,841.352112,0,830,0,9.49949026e-08,0.0628329664,4.18886448e-05,0.000313779718,0.251021236,0.80828023,-0.0606114864,0.0473866351,-0.0496412404,0.0388099924,1.22099054,0,0,0,0,15,115,0.000634634634
420.0,0.0685018152,6.28177077e-07,1,1,610,0,1,831.956726,0,1,841.367188,0,830,0,1.17346644e-07,0.085667938,5.71119599e-05,0.000384623767,0.244923994,0.808242142,-0.0577420779,0.04506227,-0.0472911745,0.0369063206,1.22099054,0,0,0,0,15,115,0.000634634634
480.0,0.0683321133,2.52388418e-06,1,1,610,0,1,831.812805,0.1875,1,841.382935,0,830,0,1.44354999e-07,0.119530417,7.96869426e-05,0.000465166231,0.23912923,0.808195591,-0.0550851673,0.0428999662,-0.0451151468,0.0351353809,1.22099054,0,0,0,0,15,115,0.000634634634
540.0,0.0679951608,5.97396865e-06,1,1,610,0,1,831.59021,0.625,1,841.398438,0.0625,830,0,1.78813934e-07,0.171737388,0.000114491595,0.000554385362,0.233622909,0.808123469,-0.0526238605,0.040887475,-0.0430993177,0.0334871337,1.22099054,0,0,0,0,15,115,0.000634634634
600.0,0.0675112158,1.00121833e-05,1,1,610,0,1,831.297668,1.4375,1,841.412354,0,830,0,2.2072345e-07,0.25526613,0.000170177416,0.00064788782,0.22839871,0.808028698,-0.0503457263,0.039016068,-0.0412335098,0.0319544375,1.22099054,0,0,0,0,15,115,0.000634634634
660.0,0.0669680834,1.36387534e-05,1,1,610,0,1,830.903748,2.6875,1,841.422363,0.1875,830,0,2.8219074e-07,0.400096864,0.000266731251,0.00074653374,0.223465547,0.807901025,-0.0482454561,0.0372828655,-0.0395133756,0.0305349343,1.22099054,0,0,0,0,15,115,0.000634634634
720.0,0.0664295107,1.57039613e-05,1,1,610,0,1,830.43103,4.75,1,841.427307,0.1875,830,0,3.65078449e-07,0.666376531,0.000444251025,0.000853070756,0.218859643,0.807747781,-0.0463292152,0.0356943421,-0.0379439592,0.0292339213,1.22099054,0,0,0,0,15,115,0.000634634634
780.0,0.0658816993,1.64378434e-05,1,1,610,0,1,829.877441,7.125,1,841.426941,0.25,829.737427,208.3125,5.03845513e-07,1.17554891,0.000783699274,0.00101882638,0.214670911,0.807568252,-0.0446241871,0.034274321,-0.0365475304,0.0280709136,1.22099054,0,0,0,0,15,115,0.000634634634
840.0,0.0653844252,1.59540214e-05,1,1,610,0,1,829.212769,10.3125,1,841.419739,0.3125,828.643677,1040.9375,7.65547156e-07,2.17749238,0.00145166158,0.00202182308,0.211097181,0.807352602,-0.04319828,0.0330807418,-0.0353797004,0.0270933639,1.22099054,0,0,0,0,15,115,0.000634634634
900.0,0.0649522915,1.4834106e-05,1,1,610,0,1,828.447876,14.5,1,841.404297,0.5,818.971375,8360,1.37742609e-06,4.16242981,0.00277495314,0.00468150293,0.208534479,0.80710429,-0.0421928689,0.0322339535,-0.0345562622,0.0263998397,1.22099054,0,0,0,0,15,115,0.000634634634
960.0,0.0645676553,1.39260665e-05,1,1,610,0,1,827.563721,20.1875,1,841.379089,0.5625,793.187927,27008.5,3.04076821e-06,8.01539707,0.00534359785,0.0117992721,0.207687244,0.806817055,-0.0418655127,0.0319532044,-0.0342881531,0.0261699036,1.22099054,0,0,0,0,15,115,0.000634634634
1020.0,0.0641660392,1.34352595e-05,1,1,610,0,1,826.591309,28.25,1,841.34375,0.9375,753.005615,53294.75,7.53346831e-06,15.0570765,0.0100380508,0.0290770754,0.209569111,0.806500912,-0.042602852,0.0325673334,-0.0348920412,0.0266728792,1.22099054,0,0,0,0,15,115,0.000634634634
1080.0,0.0635836273,1.33779831e-05,1,1,610,0,1,825.58313,39.0625,1,841.304443,1.5625,717.126709,73058.3438,1.78730115e-05,26.6534748,0.0177689828,0.06400159,0.215095431,0.806172907,-0.044798553,0.0344130099,-0.0366903357,0.0281845015,1.22099054,0,0,0,0,15,115,0.000634634634
1140.0,0.0625812262,1.62147917e-05,1,1,610,0,1,824.651062,54.3125,1,841.276245,2.1875,688.802063,85832.8438,3.6961399e-05,43.5298119,0.0290198755,0.131443933,0.224176034,0.805869401,-0.0485223345,0.0375596136,-0.0397401415,0.0307615921,1.22099054,0,0,0,0,15,115,0.000634634634
1200.0,0.0609902069,3.27513553e-05,1,1,609.772156,4.90625,1,823.916443,73.25,1,841.290039,2.875,680.266907,87711.375,6.79278746e-05,65.5644226,0.0437096134,0.227165282,0.235113353,0.805630028,-0.0531957932,0.0415413491,-0.0435677357,0.0340226628,1.22099054,0,0,0,0,15,115,0.000634634634
1260.0,0.0587176867,7.8777317e-05,1,1,607.684448,122.15625,1,823.521179,90,1,841.370972,3.5,680.577271,84902.8438,0.000119296834,92.1917572,0.061461173,0.335635722,0.245402262,0.805501163,-0.0577670187,0.0454945415,-0.047311604,0.0372603573,1.22099054,0,0,0,0,15,115,0.000634634634
1320.0,0.056098938,0.00015117065,1,1,605.321167,302.09375,1,823.56665,101.4375,1,841.517822,3.875,684.778625,79426.3438,0.000190637074,122.396545,0.0815976933,0.434097141,0.253375232,0.805516005,-0.0614024922,0.0487253591,-0.0502890795,0.0399064198,1.22099054,0,0,0,0,15,115,0.000634634634
1380.0,0.0537984893,0.000221970258,0.999782979,0.999782979,605.736938,267.5625,1,823.915405,108.25,1,841.709106,3.9375,690.065125,72849.125,0.000258316286,153.345261,0.102230176,0.508693695,0.258691967,0.805629671,-0.0638299584,0.0510132574,-0.0522771925,0.0417802222,1.22099054,0,0,0,0,15,115,0.000634634634
1440.0,0.052126132,0.000270254677,0.999782979,0.999782979,607.877136,429.71875,1,824.431763,103.5625,1,841.921326,4,695.772583,65831.1875,0.000300498679,182.019333,0.12134622,0.555456579,0.261707366,0.805797994,-0.0651581362,0.0524196178,-0.053364981,0.042932041,1.22099054,0,0,0,0,15,115,0.000634634634
1500.0,0.0511677712,0.000289012445,0.998806417,0.998806417,610.184692,620.1875,1,824.90094,95.1875,1,842.133545,3.6875,699.707031,60001.75,0.00031356141,206.950424,0.137966946,0.566335797,0.262987047,0.805950761,-0.06566035,0.0531028137,-0.0537762977,0.0434915833,1.22099054,0,0,0,0,15,115,0.000634634634
1560.0,0.0507324822,0.000288577517,0.998697937,0.998697937,612.036072,785.78125,1,825.27356,84.125,1,842.327454,3.3125,706.503906,54753.5312,0.000306478702,229.255798,0.152837202,0.554788888,0.263023049,0.806072116,-0.0655811802,0.0532372668,-0.0537114553,0.0436017029,1.22099054,0,0,0,0,15,115,0.000634634634
1620.0,0.0507506877,0.000278733438,0.998806417,0.998806417,613.004883,983,1,825.495789,80.625,1,842.50238,3.0625,711.427979,51881.9688,0.000284431502,251.84111,0.16789408,0.534823537,0.262242019,0.806144476,-0.0651296526,0.0529986061,-0.0533416532,0.0434062369,1.22099054,0,0,0,0,15,115,0.000634634634
1680.0,0.0512090549,0.000269445125,0.998697937,0.998697937,613.213806,1117.125,1,825.66449,61.5625,1,842.664795,3.25,719.887146,47702.625,0.000256894156,277.920685,0.185280457,0.537845373,0.260935515,0.806199372,-0.064449884,0.052511666,-0.052784916,0.0430074297,1.22099054,0,0,0,0,15,115,0.000634634634
1740.0,0.052164562,0.00027964008,0.998806417,0.998806417,612.203125,1201.40625,1,825.597229,60.5,1,842.829102,5.875,722.732178,47709.8125,0.000227114186,309.937836,0.206625223,0.591766775,0.259236902,0.806177497,-0.0636043176,0.0518415123,-0.052092392,0.0424585715,1.22099054,0,0,0,0,15,115,0.000634634634
1800.0,0.0534068383,0.000305508263,0.999348938,0.999348938,611.007629,1221,1,825.374878,62.1875,1,843.018677,14.25,722.029053,50067.5,0.000192577951,347.092346,0.231394902,0.663642287,0.257201642,0.806105077,-0.0626273155,0.0510088615,-0.051292222,0.0417766236,1.22099054,0,0,0,0,15,115,0.000634634634
1860.0,0.0546547323,0.000326409936,0.999674499,0.999674499,609.715637,1139.71875,1,824.988037,71.125,1,843.257141,19.9375,717.884094,53286.375,0.000157279894,388.504211,0.259002805,0.731051087,0.254957974,0.805979192,-0.0615734607,0.050080996,-0.0504291058,0.0410166942,1.22099054,0,0,0,0,15,115,0.000634634634
1920.0,0.0555875152,0.00035478361,0.999674499,0.999674499,608.211243,1058.71875,1,824.469299,94.375,1,843.553406,31.625,713.830322,54639.5938,0.000125296414,427.054352,0.284702897,0.792413175,0.252703935,0.805810213,-0.060527496,0.049152717,-0.0495724529,0.0402564257,1.22099054,0,0,0,0,15,115,0.000634634634
1980.0,0.0559405088,0.000370932277,0.999348938,0.999348938,607.137878,981.28125,1,823.959534,116,1,843.909912,36.0625,699.112427,61752.5625,9.95267183e-05,461.740448,0.307826966,0.836346567,0.250535011,0.805644095,-0.0595633574,0.0482257605,-0.048782818,0.0394972451,1.22099054,0,0,0,0,15,115,0.000634634634
2040.0,0.0556454994,0.00038995943,0.998480916,0.998480916,606.418152,932.9375,1,823.577271,129.8125,1,844.342773,34.6875,694.628906,64487.4375,7.9956837e-05,490.573242,0.327048838,0.877524137,0.248528525,0.805519462,-0.0587032773,0.0473448224,-0.0480784029,0.0387757495,1.22099054,0,0,0,0,15,115,0.000634634634
2100.0,0.0549206249,0.000420079101,0.997721374,0.997721374,606.065247,903,1,823.278809,149,1,844.870789,33.6875,685.338562,68079.3125,6.7810528e-05,511.760071,0.341173381,0.914877892,0.246661499,0.805422127,-0.0579062961,0.0465346649,-0.0474256724,0.0381122231,1.22099054,0,0,0,0,15,115,0.000634634634
2160.0,0.0539015383,0.000459192088,0.99598527,0.99598527,606.485413,886.5,1,823.079651,169.6875,1,845.485596,33.125,677.660583,72243.25,6.00507483e-05,525.194702,0.350129813,0.933296859,0.244831011,0.805357218,-0.0571177788,0.0457621291,-0.046779871,0.0374795124,1.22099054,0,0,0,0,15,115,0.000634634634
2220.0,0.0528947897,0.0004914694,0.993055582,0.993055582,608.216736,994.625,1,822.931396,182.625,1,846.081909,31.3125,671.295593,74895.2188,5.08055091e-05,530.710938,0.3538073,0.926503897,0.243037671,0.805308878,-0.0563528128,0.0450082794,-0.0461533591,0.0368621051,1.22099054,0,0,0,0,15,115,0.000634634634
2280.0,0.0521402322,0.000491084997,0.989691854,0.989691854,610.824463,1124.8125,1,822.890625,181.25,1,846.654053,26.8125,667.578125,76975,3.87299806e-05,527.939819,0.351959884,0.887675583,0.241459772,0.805295527,-0.0556963272,0.0443343669,-0.0456156917,0.0363101624,1.22099054,0,0,0,0,15,115,0.000634634634
2340.0,0.0518072881,0.000478103058,0.987847209,0.987847209,612.124329,1133.8125,1,822.78656,180.6875,1,847.172302,23.125,662.489136,80268.6562,2.7869828e-05,516.510254,0.344340175,0.823153555,0.240211278,0.805261612,-0.055197563,0.0437817872,-0.0452071987,0.0358575992,1.22099054,0,0,0,0,15,115,0.000634634634
2400.0,0.0515835434,0.000469360501,0.987304688,0.987304688,612.954163,1136.96875,1,822.744141,187.25,1,847.604065,21.625,664.689697,81484.9375,2.19438225e-05,498.590057,0.332393378,0.748347461,0.239192426,0.805247784,-0.0548164733,0.0433023348,-0.0448950827,0.0354649238,1.22099054,0,0,0,0,15,115,0.000634634634
2460.0,0.0514349341,0.000455085188,0.987196207,0.987196207,613.532593,1113.3125,1,822.721985,181,1,847.967224,20.4375,662.612854,82588,1.74148008e-05,475.678284,0.317118853,0.666682184,0.238406196,0.805240512,-0.0545499213,0.0428998619,-0.044676777,0.0351352952,1.22099054,0,0,0,0,15,115,0.000634634634
2520.0,0.0511723831,0.000432307832,0.988823771,0.988823771,614.079895,1089.25,1,822.827698,168.625,1,848.239685,18.6875,676.328125,78232.2812,1.49244443e-05,449.115234,0.299410164,0.590872943,0.237811446,0.805275023,-0.0543697365,0.0425692871,-0.0445292033,0.0348645523,1.22099054,0,0,0,0,15,115,0.000634634634
2580.0,0.050870277,0.000409035478,0.989908874,0.989908874,614.739685,1041.28125,1,822.965149,151.5,1,848.46106,17.0625,682.22876,76396.7812,1.36485323e-05,421.011475,0.280674309,0.523674428,0.237351522,0.805319846,-0.0542364456,0.0423065163,-0.0444200374,0.0346493386,1.22099054,0,0,0,0,15,115,0.000634634634
2640.0,0.0505998246,0.000383880222,0.990885437,0.990885437,615.512451,1043.0625,1,823.046753,141.0625,1,848.642578,15.75,682.44574,76842.125,1.29221007e-05,393.114532,0.262076348,0.462140083,0.237073049,0.805346489,-0.0541612729,0.0421405286,-0.0443584695,0.0345133953,1.22099054,0,0,0,0,15,115,0.000634634634
2700.0,0.0502889343,0.000360638602,0.992947042,0.992947042,616.768677,1031.15625,1,823.123169,131.25,1,848.80249,13.875,691.384521,73489,1.506228e-05,366.959686,0.244639784,0.411087334,0.237021163,0.805371404,-0.0541742295,0.0420749187,-0.0443690829,0.0344596617,1.22099054,0,0,0,0,15,115,0.000634634634
2760.0,0.049927976,0.000341957435,0.994249105,0.994249105,617.377502,972.03125,1,823.204834,124.625,1,848.918945,13.375,695.368896,71716.2812,2.06064433e-05,342.903717,0.228602484,0.369194925,0.237083748,0.805398047,-0.0542403944,0.0420487449,-0.044423271,0.0344382226,1.22099054,0,0,0,0,15,115,0.000634634634
2820.0,0.0495609455,0.000326152658,0.994900167,0.994900167,618.306274,940.90625,1,823.324402,122.625,1,849.003174,12.6875,702.252625,68042.25,2.7384609e-05,321.146118,0.21409741,0.335185677,0.23706685,0.805437028,-0.0542718247,0.0419921875,-0.0444490127,0.0343919024,1.22099054,0,0,0,0,15,115,0.000634634634
2880.0,0.0491985977,0.000312513206,0.995442688,0.995442688,619.023376,939.375,1,823.500488,118.25,1,849.066406,11.375,708.007812,65683.4375,3.5027042e-05,301.922089,0.201281399,0.307505965,0.23694472,0.805494428,-0.0542492755,0.0419057868,-0.0444305465,0.0343211405,1.22099054,0,0,0,0,15,115,0.000634634634
2940.0,0.0488514751,0.000299819978,0.994032145,0.994032145,620.031616,950.0625,1,823.633362,110.8125,1,849.1203,10.375,711.736084,64015.6875,4.40143049e-05,285.339905,0.1902266,0.283918291,0.236721918,0.80553776,-0.0541656502,0.0418032482,-0.044362057,0.0342371613,1.22099054,0,0,0,0,15,115,0.000634634634
3000.0,0.0485131592,0.000284833135,0.994249105,0.994249105,621.413269,965.5625,1,823.792664,100.5,1,849.153687,10.25,712.013916,64094.3125,5.30844554e-05,271.393555,0.180929035,0.26835829,0.236447245,0.805589676,-0.0540560335,0.041685544,-0.0442722775,0.0341407582,1.22099054,0,0,0,0,15,115,0.000634634634
3060.0,0.0482515693,0.00027637952,0.994466126,0.994466126,622.576111,946.75,1,823.96875,93.875,1,849.162109,9.25,712.610657,63923.9375,6.11850992e-05,260.107941,0.17340529,0.258453012,0.236167654,0.805647075,-0.0539451092,0.0415651649,-0.0441814326,0.0340421684,1.22099054,0,0,0,0,15,115,0.000634634634
3120.0,0.0480660386,0.000273602083,0.994683146,0.994683146,623.699158,939.28125,1,824.109985,92.875,1,849.16626,8.5625,709.466125,65303.125,6.92605972e-05,251.11618,0.167410791,0.249996826,0.23583056,0.80569315,-0.0537928082,0.0414445437,-0.044056695,0.0339433774,1.22099054,0,0,0,0,15,115,0.000634634634
3180.0,0.0478657223,0.000266749179,0.99620223,0.99620223,624.885132,949,1,824.277588,91.1875,1,849.18042,8.8125,709.733093,66038.1875,7.56233931e-05,244.031952,0.162687972,0.242744386,0.2355102,0.805747747,-0.0536242016,0.0413612798,-0.0439186059,0.033875186,1.22099054,0,0,0,0,15,115,0.000634634634
3240.0,0.0476691909,0.000259811524,0.996636271,0.996636271,625.579773,937.5625,1,824.431519,86.5,1,849.194092,8.375,707.884094,66711.9688,8.15773383e-05,238.660629,0.159107089,0.239097223,0.235265449,0.805797875,-0.0534669943,0.0413346812,-0.0437898524,0.0338534005,1.22099054,0,0,0,0,15,115,0.000634634634
3300.0,0.0474888012,0.00025558332,0.996853292,0.996853292,626.257751,954.34375,1,824.626099,85.5625,1,849.164307,7.625,712.128906,64469.6562,8.79401341e-05,234.547684,0.156365126,0.238267317,0.235000014,0.805861235,-0.0532999337,0.0413015224,-0.0436530262,0.0338262431,1.22099054,0,0,0,0,15,115,0.000634634634
3360.0,0.0473384,0.000252940925,0.996961832,0.996961832,626.469299,978.34375,1,824.802185,87.125,1,849.171692,7.3125,716.733948,61479,9.40710306e-05,231.661713,0.154441148,0.238221809,0.234590292,0.805918634,-0.0530855544,0.0411946177,-0.0434774496,0.0337386876,1.22099054,0,0,0,0,15,115,0.000634634634
3420.0,0.0472616926,0.000251794932,0.997395813,0.997395813,626.86908,1003.9375,1,824.980713,86.25,1,849.191711,7.625,717.029053,61404.5312,9.9349767e-05,229.985168,0.153323442,0.23870942,0.234153479,0.805976748,-0.0528774261,0.0410550348,-0.0433069915,0.0336243659,1.22099054,0,0,0,0,15,115,0.000634634634
3480.0,0.0472363383,0.00024868967,0.996961832,0.996961832,627.309509,1004.625,1,825.170349,83.625,1,849.207458,7.25,716.163208,62049.625,0.000104019418,229.532288,0.153021529,0.246416166,0.233829305,0.806038499,-0.0527259968,0.0409480296,-0.0431829691,0.0335367285,1.22099054,0,0,0,0,15,115,0.000634634634
3540.0,0.0472663455,0.000249607023,0.996853292,0.996853292,627.204773,998.46875,1,825.334412,83,1,849.250427,7.875,719.422729,59514.4375,0.000107643194,229.938629,0.153292418,0.258026659,0.233597711,0.806091964,-0.0526181981,0.0408713371,-0.0430946797,0.0334739164,1.22099054,0,0,0,0,15,115,0.000634634634
3600.0,0.0474002324,0.000254438724,0.996310771,0.996310771,626.998474,988.03125,1,825.485474,85.6875,1,849.273743,8.6875,717.91449,60063.3438,0.000111466274,231.197403,0.154131606,0.267920375,0.233427659,0.806141138,-0.0525487587,0.0408026576,-0.0430378094,0.0334176682,1.22099054,0,0,0,0,15,115,0.000634634634
3660.0,0.0475423038,0.000256736763,0.996961832,0.996961832,627.170227,989.375,1,825.605225,87.25,1,849.313354,8.9375,713.042542,62018.6562,0.000114883296,233.265244,0.155510157,0.27924782,0.233351111,0.80618006,-0.0525431558,0.0407387093,-0.0430332199,0.0333652943,1.22099054,0,0,0,0,15,115,0.000634634634
3720.0,0.0476167239,0.000256680883,0.996419251,0.996419251,626.935608,956.875,1,825.643677,156.25,1,849.376099,8.9375,711.91626,62320.8125,0.000118208118,235.996201,0.157330796,0.297078252,0.233321071,0.806192577,-0.0525731295,0.0406720601,-0.0430577695,0.0333107077,1.22099054,0,0,0,0,15,115,0.000634634634
3780.0,0.0476337411,0.000262197107,0.997070312,0.997070312,627.103088,937.25,1,825.874878,90.8125,1,849.453735,9.5,706.488708,65287.9688,0.000121902674,239.23674,0.159491166,0.314794272,0.233396545,0.806267858,-0.0526421778,0.0406530499,-0.0431143194,0.0332951397,1.22099054,0,0,0,0,15,115,0.000634634634
3840.0,0.04759413,0.000269322889,0.996744812,0.996744812,627.206604,920.5625,1,825.995239,94,1,849.550049,10.0625,700.802979,67717.9375,0.000124035403,243.232529,0.162155017,0.328992069,0.233595401,0.806307018,-0.0527376793,0.0407148972,-0.0431925356,0.0333457924,1.22099054,0,0,0,0,15,115,0.000634634634
3900.0,0.0474819615,0.000275430502,0.997178793,0.997178793,627.462463,936.34375,1,826.090515,98.125,1,849.663208,11.375,699.238281,68884.3125,0.000126792118,247.849838,0.165233225,0.340646267,0.233863607,0.806338012,-0.0528476462,0.0408229493,-0.043282602,0.0334342867,1.22099054,0,0,0,0,15,115,0.000634634634
3960.0,0.0473457314,0.000284157461,0.997070312,0.997070312,627.642822,957.28125,1,826.201904,104.6875,1,849.80188,12.1875,695.277771,70851.5625,0.000129276887,252.495804,0.168330535,0.347511053,0.234140143,0.806374252,-0.052969005,0.0409243256,-0.0433819965,0.033517316,1.22099054,0,0,0,0,15,115,0.000634634634
4020.0,0.0471902303,0.000287795207,0.996853292,0.996853292,627.526978,993.03125,1,826.305359,105.125,1,849.971375,11.375,695.230042,70328.875,0.000129995868,257.22052,0.171480343,0.351846933,0.234460279,0.806407928,-0.0531110577,0.0410400629,-0.0434983373,0.033612106,1.22099054,0,0,0,0,15,115,0.000634634634
4080.0,0.0471179187,0.000291900244,0.997287333,0.997287333,627.662903,1021.09375,1,826.420044,105.5,1,850.120361,11.3125,699.097229,67985.0625,0.000130633824,261.937073,0.174624711,0.356976897,0.234893203,0.806445241,-0.0533014089,0.0411994904,-0.0436542369,0.0337426774,1.22099054,0,0,0,0,15,115,0.000634634634
4140.0,0.0471495129,0.000300110085,0.99620223,0.99620223,627.165894,1034.9375,1,826.58844,110,1,850.26062,11.875,700.158447,67123.2188,0.000131549314,266.973053,0.177982032,0.364824265,0.235402539,0.806500018,-0.0535304099,0.0413814634,-0.0438417904,0.0338917151,1.22099054,0,0,0,0,15,115,0.000634634634
4200.0,0.0472577065,0.000310809352,0.995551229,0.995551229,626.78479,1063.21875,1,826.732544,114.0625,1,850.404724,13.0625,700.434021,66709.9375,0.000132573768,272.63916,0.181759447,0.37591517,0.23586677,0.806546867,-0.053745959,0.0415393934,-0.0440183245,0.0340210609,1.22099054,0,0,0,0,15,115,0.000634634634
4260.0,0.0474625602,0.000316704158,0.99620223,0.99620223,626.789001,1080.53125,1,826.864929,115.125,1,850.546265,13,700.188782,66624.4062,0.000130810775,279.167297,0.186111525,0.392334878,0.236154333,0.806589901,-0.053874962,0.0416434854,-0.0441239811,0.0341063142,1.22099054,0,0,0,0,15,115,0.000634634634
4320.0,0.0477252789,0.000323146116,0.99620223,0.99620223,626.752014,1063.78125,1,826.934387,115.5,1,850.70282,12.9375,691.651489,70373.9062,0.000127255917,286.169037,0.190779358,0.407806069,0.236310825,0.806612492,-0.0539317131,0.0417176969,-0.0441704579,0.0341670923,1.22099054,0,0,0,0,15,115,0.000634634634
4380.0,0.0479569808,0.000328059308,0.997721374,0.997721374,626.71991,1070.03125,1,827.030884,120.25,1,850.862793,13,689.17749,72082.8125,0.000122941099,293.028381,0.195352256,0.413225532,0.236431226,0.806643903,-0.0539643802,0.0417890288,-0.0441972129,0.0342255123,1.22099054,0,0,0,0,15,115,0.000634634634
4440.0,0.0481210202,0.000330583425,0.99598527,0.99598527,626.354736,1052.90625,1,827.096436,122.9375,1,851.016113,13.125,692.220032,70594.5625,0.0001193434,299.668762,0.199779168,0.414411336,0.236524284,0.806665182,-0.0539829582,0.0418527797,-0.0442124307,0.034277726,1.22099054,0,0,0,0,15,115,0.000634634634
4500.0,0.0482370555,0.000334630953,0.996310771,0.996310771,625.759094,1063.3125,1,827.15686,123.75,1,851.175537,13.4375,689.409729,72548.8438,0.000115446746,306.162842,0.204108566,0.416594625,0.23655948,0.806684852,-0.053964749,0.041909419,-0.0441975147,0.0343241133,1.22099054,0,0,0,0,15,115,0.000634634634
4560.0,0.0483783334,0.000341942301,0.99620223,0.99620223,625.431885,1062.8125,1,827.244995,129.3125,1,851.34967,14,685.648865,73850.125,0.000111882575,312.341522,0.208227679,0.419315487,0.236555144,0.806713462,-0.0539148264,0.0419695415,-0.0441566296,0.0343733542,1.22099054,0,0,0,0,15,115,0.000634634634
4620.0,0.0486128479,0.00034706248,0.995659709,0.995659709,625.17218,1079,1,827.35083,131.9375,1,851.51062,13.8125,680.45575,76462.2188,0.000108804554,318.284027,0.212189347,0.4296287,0.236503139,0.806747854,-0.0538457111,0.0420093611,-0.0441000238,0.0344059691,1.22099054,0,0,0,0,15,115,0.000634634634
4680.0,0.0488828719,0.000352853909,0.995768249,0.995768249,624.765198,1108.0625,1,827.492065,133.75,1,851.65155,13.9375,673.936646,79951.6562,0.000103399158,324.079254,0.21605283,0.44159773,0.236323491,0.806793809,-0.0537359454,0.0419814214,-0.0440101251,0.0343830846,1.22099054,0,0,0,0,15,115,0.000634634634
4740.0,0.0491234139,0.000359120313,0.994574666,0.994574666,624.405457,1106.0625,1,827.63208,138.375,1,851.810486,15.125,680.785583,77960.125,9.84128565e-05,329.689514,0.219793007,0.449275702,0.236102432,0.806839287,-0.0536253527,0.0419158526,-0.0439195484,0.0343293846,1.22099054,0,0,0,0,15,115,0.000634634634
4800.0,0.0493601225,0.000361335929,0.994357646,0.994357646,624.526428,1083.34375,1,827.601318,210.625,1,851.999329,15,677.864563,78498.375,9.38847661e-05,335.08429,0.223389521,0.458568454,0.235925406,0.806829274,-0.0535473898,0.0418499224,-0.0438556969,0.0342753865,1.22099054,0,0,0,0,15,115,0.000634634634
4860.0,0.0495097004,0.000360414851,0.993489563,0.993489563,624.071655,1080.09375,1,827.767029,143.3125,1,852.18042,14.25,674.171021,79680,8.7082386e-05,339.600372,0.226400241,0.4650518,0.235710993,0.806883097,-0.0534651354,0.0417546481,-0.0437883288,0.0341973566,1.22099054,0,0,0,0,15,115,0.000634634634
4920.0,0.0497261509,0.000357945682,0.993055582,0.993055582,623.953247,1132.0625,1,827.786682,147.6875,1,852.374451,14.375,671.278198,81436.5938,8.35563987e-05,343.212128,0.22880809,0.464013934,0.235387623,0.806889534,-0.0533448197,0.0416064933,-0.0436897911,0.0340760164,1.22099054,0,0,0,0,15,115,0.000634634634
4980.0,0.049916137,0.000362346414,0.994574666,0.994574666,623.905701,1143.90625,1,827.897583,151.8125,1,852.554199,14.625,668.582886,83714.625,8.20942223e-05,346.525543,0.231017023,0.470160276,0.235043988,0.806925535,-0.0532238297,0.0414406434,-0.0435906984,0.0339401849,1.22099054,0,0,0,0,15,115,0.000634634634
5040.0,0.0499833412,0.000369196059,0.993272543,0.993272543,623.736084,1110.40625,1,827.974365,222.875,1,852.708679,14.3125,676.586365,80568.3438,7.54948705e-05,349.737823,0.233158544,0.482869476,0.234690458,0.80695051,-0.0530975498,0.0412727334,-0.0434872732,0.0338026658,1.22099054,0,0,0,0,15,115,0.000634634634
5100.0,0.0500943176,0.000371297589,0.993923604,0.993923604,623.973816,1114.40625,1,828.193115,153.6875,1,852.858398,14.8125,682.148438,77965.1875,6.75143674e-05,352.332214,0.234888136,0.489489764,0.234281898,0.807021558,-0.0529393777,0.0410950109,-0.0433577299,0.0336571075,1.22099054,0,0,0,0,15,115,0.000634634634
5160.0,0.0501623638,0.000370770227,0.993923604,0.993923604,624.194336,1099.25,1,828.313232,156.5625,1,853.024536,15,687.836365,75764.875,6.20353967e-05,354.502228,0.236334816,0.488962293,0.233888432,0.80706054,-0.0527879335,0.0409232825,-0.0432336964,0.0335164629,1.22099054,0,0,0,0,15,115,0.000634634634
5220.0,0.0502319001,0.000371391419,0.993815124,0.993815124,624.553955,1107,1,828.422791,160.6875,1,853.195618,14.75,694.529053,72165.1562,5.81471249e-05,356.285889,0.237523928,0.485854775,0.233574137,0.807096124,-0.052665703,0.0407881476,-0.0431335866,0.0334057845,1.22099054,0,0,0,0,15,115,0.000634634634
5280.0,0.0502990484,0.000372622628,0.993815124,0.993815124,624.040833,1036,1,828.498352,163.375,1,853.358398,14.75,698.493896,71139.9688,5.47822565e-05,357.431915,0.238287941,0.482560039,0.233380884,0.807120681,-0.0525885895,0.0407077596,-0.0430704318,0.0333399475,1.22099054,0,0,0,0,15,115,0.000634634634
5340.0,0.0503580719,0.000382033875,0.994466126,0.994466126,623.601746,1010.875,1,828.509277,170.25,1,853.527771,14.9375,694.74176,72917.5625,5.21540642e-05,358.092224,0.238728151,0.48476097,0.233251616,0.807124257,-0.0525480956,0.0406397618,-0.0430372655,0.0332842544,1.22099054,0,0,0,0,15,115,0.000634634634
5400.0,0.0502972305,0.000390262343,0.993272543,0.993272543,623.609375,1000.65625,1,828.613403,178.0625,1,853.699463,14.625,692.625854,73819.6875,5.02076e-05,358.306122,0.238870755,0.48322323,0.233052015,0.807158053,-0.0524881221,0.0405315012,-0.0429881476,0.0331955887,1.22099054,0,0,0,0,15,115,0.000634634634
5460.0,0.0501880795,0.000392457936,0.993381083,0.993381083,623.583801,993.28125,1,828.673462,178.1875,1,853.875793,14.375,678.483093,80655.9375,4.96683642e-05,357.689178,0.238459453,0.475150853,0.232840613,0.807177544,-0.0524270423,0.0404138006,-0.0429381244,0.0330991931,1.22099054,0,0,0,0,15,115,0.000634634634
5520.0,0.0499778353,0.000390312169,0.992513001,0.992513001,623.757507,982.34375,1,828.821533,173,1,854.040588,13.9375,668.285583,85651.8125,4.90294769e-05,355.885101,0.237256736,0.464961857,0.232609734,0.807225585,-0.0523680709,0.0402753167,-0.042889826,0.0329857729,1.22099054,0,0,0,0,15,115,0.000634634634
5580.0,0.0496896654,0.000380990095,0.989908874,0.989908874,624.118103,986.78125,1,829.035889,170.5,1,854.185242,13.0625,670.019531,86209.9375,4.89968807e-05,353.55835,0.235705569,0.454460204,0.232301563,0.807295203,-0.0522886626,0.0400915034,-0.0428247899,0.0328352302,1.22099054,0,0,0,0,15,115,0.000634634634
5640.0,0.0495200008,0.000375550007,0.990559876,0.990559876,624.384949,1028.8125,1,829.239685,167.8125,1,854.309265,13.25,678.151062,83275.5,4.82741743e-05,351.098083,0.234065384,0.440490276,0.231946781,0.807361364,-0.0521924309,0.0398863703,-0.0427459739,0.0326672234,1.22099054,0,0,0,0,15,115,0.000634634634
5700.0,0.0494889654,0.000367837027,0.991427958,0.991427958,625.18219,1048.8125,1,829.438416,164.25,1,854.437927,13,675.05426,84546.1875,4.61963937e-05,348.523254,0.23234883,0.431192458,0.2316183,0.807425857,-0.05210042,0.039700456,-0.0426706187,0.0325149596,1.22099054,0,0,0,0,15,115,0.000634634634
5760.0,0.0494757444,0.000353964278,0.992838562,0.992838562,625.868835,1043.75,1,829.625427,160.75,1,854.547729,12.5,674.26001,84140.125,4.37516719e-05,345.409058,0.23027271,0.424564064,0.23132053,0.807486534,-0.052012857,0.0395376086,-0.0425989032,0.032381583,1.22099054,0,0,0,0,15,115,0.000634634634
5820.0,0.049516689,0.000347292284,0.994140625,0.994140625,625.898254,1040.84375,1,829.767822,157.0625,1,854.649536,11.625,664.746094,88469.875,4.40850854e-05,341.63385,0.227755904,0.413582921,0.231065989,0.807532668,-0.0519337654,0.0394041352,-0.0425341278,0.0322722681,1.22099054,0,0,0,0,15,115,0.000634634634
5880.0,0.0495675355,0.000348889735,0.994140625,0.994140625,626.090393,1040.125,1,829.922241,155.4375,1,854.743042,11.1875,656.295593,90818.25,4.61228192e-05,337.570679,0.225047126,0.401863515,0.230849296,0.807582796,-0.0518526509,0.0393088423,-0.042467691,0.0321942233,1.22099054,0,0,0,0,15,115,0.000634634634
5940.0,0.0495579764,0.000353286276,0.993055582,0.993055582,626.433533,1071.3125,1,830.120972,153.3125,1,854.81958,10.75,657.751709,90416.8125,4.83253971e-05,333.918671,0.222612441,0.394010127,0.230700761,0.807647228,-0.0517958961,0.0392451398,-0.0424212106,0.0321420506,1.22099054,0,0,0,0,15,115,0.000634634634
6000.0,0.0496580899,0.000358610647,0.991210938,0.991210938,626.867004,1087.0625,1,830.295044,150.3125,1,854.880432,11.3125,663.025146,88419.9062,4.8882328e-05,331.000641,0.220667094,0.387966394,0.230663642,0.807703674,-0.0517976955,0.0392081439,-0.042422682,0.0321117491,1.22099054,0,0,0,0,15,115,0.000634634634
6060.0,0.0497236326,0.000359473052,0.991427958,0.991427958,626.979309,1059.65625,1,830.401428,222.4375,1,854.94281,12.5625,665.911438,87934.9688,4.90518287e-05,328.072235,0.218714818,0.377743602,0.230736062,0.807738185,-0.0518528521,0.0392028429,-0.0424678586,0.0321074091,1.22099054,0,0,0,0,15,115,0.000634634634
6120.0,0.0496718138,0.000355059514,0.99207902,0.99207902,627.777527,1045.21875,1,830.632263,219.125,1,855.014465,12.375,670.983093,85487.4375,4.9142167e-05,324.924347,0.216616228,0.365569621,0.230854943,0.807813048,-0.0519074798,0.0392416976,-0.0425125994,0.0321392305,1.22099054,0,0,0,0,15,115,0.000634634634
6180.0,0.0495880246,0.00034607714,0.993164062,0.993164062,628.686768,1051.625,1,830.913208,140.1875,1,855.088623,10.875,671.295593,85541.2188,4.85368073e-05,321.757446,0.214504957,0.356770128,0.230984092,0.807904065,-0.0519400537,0.0393193513,-0.0425392762,0.0322028287,1.22099054,0,0,0,0,15,115,0.000634634634
6240.0,0.0494726263,0.000334702432,0.994032145,0.994032145,629.17041,1058.90625,1,831.123657,135.375,1,855.16687,10.875,675.668396,83906.5938,4.83952463e-05,318.640533,0.21242702,0.356081992,0.231104285,0.807972252,-0.0519539267,0.039413318,-0.0425506383,0.0322797894,1.22099054,0,0,0,0,15,115,0.000634634634
6300.0,0.0493585989,0.000323510729,0.99609375,0.99609375,629.470581,1051.71875,1,831.311401,131,1,855.258301,10.375,676.733948,83635.9062,4.81083989e-05,316.123779,0.210749179,0.355656028,0.231252179,0.808033168,-0.0519797578,0.039517343,-0.0425717942,0.0323649868,1.22099054,0,0,0,0,15,115,0.000634634634
6360.0,0.0492140129,0.000316115795,0.996527791,0.996527791,629.216003,1028.84375,1,831.534729,129.25,1,855.341064,10.125,686.226135,78785.4375,5.11482358e-05,314.211456,0.20947431,0.354579568,0.231416419,0.808105469,-0.0520091802,0.039631892,-0.0425958894,0.0324588045,1.22099054,0,0,0,0,15,115,0.000634634634
6420.0,0.049168501,0.000315594254,0.996961832,0.996961832,629.299072,1063.25,1,831.708862,129,1,855.410706,10.125,686.360657,78612.3125,5.28367236e-05,313.05191,0.208701268,0.357237011,0.231490076,0.808161914,-0.0519950539,0.0397190377,-0.0425843224,0.0325301774,1.22099054,0,0,0,0,15,115,0.000634634634
6480.0,0.0492643863,0.000313143013,0.996744812,0.996744812,629.939026,1053.84375,1,831.873352,127.5,1,855.471619,9.8125,684.088562,80046.0938,5.47263771e-05,313.283386,0.208855584,0.370970458,0.231476843,0.808215141,-0.0519535802,0.0397609733,-0.0425503552,0.0325645208,1.22099054,0,0,0,0,15,115,0.000634634634
6540.0,0.0494796783,0.000313534634,0.99609375,0.99609375,630.17865,1054.6875,1,832.008057,125.8125,1,855.524109,9.4375,682.204834,81480,5.41443005e-05,315.113922,0.210075945,0.387016654,0.231446862,0.808258772,-0.0519085936,0.0397918336,-0.0425135083,0.0325897969,1.22099054,0,0,0,0,15,115,0.000634634634
6600.0,0.0496929623,0.000316035468,0.996853292,0.996853292,630.391846,1026.40625,1,832.119629,127.375,1,855.593811,10.5,675.282104,84683.8438,5.39515167e-05,317.884216,0.211922809,0.39476341,0.231444597,0.808294892,-0.0518791005,0.0398281664,-0.0424893536,0.0326195545,1.22099054,0,0,0,0,15,115,0.000634634634
6660.0,0.0497892313,0.00031403359,0.99620223,0.99620223,630.385559,987.90625,1,832.203735,129.9375,1,855.670166,11.5625,673.845459,85238.5625,5.55673614e-05,320.71286,0.213808566,0.397450119,0.231478199,0.808322132,-0.0518742539,0.039865654,-0.0424853861,0.0326502547,1.22099054,0,0,0,0,15,115,0.000634634634
6720.0,0.0497753844,0.000307768118,0.995659709,0.995659709,630.078491,960.46875,1,832.287231,132.1875,1,855.750427,11.875,672.526062,85378,5.72847202e-05,323.333588,0.215555727,0.399880528,0.231499419,0.808349192,-0.0518717952,0.0398885459,-0.0424833708,0.0326690041,1.22099054,0,0,0,0,15,115,0.000634634634
6780.0,0.0497207195,0.000306827249,0.99598527,0.99598527,630.089355,980.25,1,832.408447,137.1875,1,855.846863,11.0625,677.335083,84555.0625,5.99967316e-05,326.152649,0.217435107,0.405956835,0.231410384,0.808388472,-0.0518319756,0.0398577712,-0.0424507596,0.0326437987,1.22099054,0,0,0,0,15,115,0.000634634634
6840.0,0.0496279337,0.000305859372,0.995768249,0.995768249,630.490356,981.375,1,832.22168,350.625,1,855.956787,11.0625,672.063782,86166.6562,6.26947731e-05,328.872681,0.219248459,0.407611817,0.231232896,0.808327913,-0.051762376,0.0397838093,-0.0423937552,0.0325832255,1.22099054,0,0,0,0,15,115,0.000634634634
6900.0,0.0494702198,0.000302196248,0.99598527,0.99598527,630.172119,962.84375,1,832.467896,208.5,1,856.073364,11,668.519958,86984.8125,6.46580011e-05,331.042969,0.220695317,0.400363117,0.231171489,0.808407664,-0.0517553948,0.0397359692,-0.0423880406,0.0325440429,1.22099054,0,0,0,0,15,115,0.000634634634
6960.0,0.0492706634,0.000298225088,0.995659709,0.995659709,629.94989,948.5625,1,832.534851,205.1875,1,856.171753,10.6875,667.792969,88346.6875,6.50342554e-05,332.785004,0.221856669,0.391409993,0.231276467,0.80842936,-0.0518173911,0.0397525579,-0.0424388163,0.032557629,1.22099054,0,0,0,0,15,115,0.000634634634
7020.0,0.0491414778,0.000297778053,0.995551229,0.995551229,629.849609,957.09375,1,832.609985,205.0625,1,856.259583,10,667.523865,88871.125,6.52559102e-05,334.648163,0.22309877,0.387061328,0.231273353,0.808453679,-0.0518242493,0.0397407152,-0.0424444303,0.0325479321,1.22099054,0,0,0,0,15,115,0.000634634634
7080.0,0.0490606762,0.000298944302,0.993923604,0.993923604,630.008728,957.3125,1,832.713501,206.1875,1,856.343018,9.625,668.246521,88275.9062,6.36288896e-05,337.148834,0.224765897,0.387616843,0.231015474,0.808487177,-0.0517232157,0.0396332666,-0.0423616841,0.0324599296,1.22099054,0,0,0,0,15,115,0.000634634634
7140.0,0.0490724929,0.000306426547,0.993923604,0.993923604,630.109192,973.84375,1,832.936523,136.5,1,856.416565,9.9375,674.353271,85845.2188,6.15660101e-05,340.439789,0.226959854,0.392161012,0.230644181,0.808559299,-0.0515764169,0.0394807309,-0.0422414541,0.032335002,1.22099054,0,0,0,0,15,115,0.000634634634
7200.0,0.0491266735,0.000313608209,0.994574666,0.994574666,630.074158,1005.46875,1,833.138794,139.4375,1,856.481323,11,678.181396,84354.25,5.83482906e-05,344.188843,0.229459226,0.393688053,0.230216756,0.808624804,-0.0514059216,0.0393077657,-0.0421018191,0.0321933404,1.22099054,0,0,0,0,15,115,0.000634634634
7260.0,0.0492168814,0.000316909747,0.994466126,0.994466126,629.731628,1029.40625,1,833.327576,139.4375,1,856.546326,11.125,682.575928,83237.9688,5.51752746e-05,347.719727,0.231813148,0.395724446,0.229771093,0.808685839,-0.0512252524,0.0391319543,-0.0419538505,0.0320493504,1.22099054,0,0,0,0,15,115,0.000634634634
7320.0,0.0493333004,0.000318176812,0.995442688,0.995442688,629.537842,1026.125,1,833.427002,135.0625,1,856.625305,10.625,685.881104,82071.25,5.23114577e-05,350.900757,0.233933836,0.406360507,0.229287416,0.808718026,-0.0510157794,0.0389595628,-0.0417822897,0.0319081619,1.22099054,0,0,0,0,15,115,0.000634634634
7380.0,0.0495019406,0.000322698383,0.995768249,0.995768249,629.603333,1002.3125,1,833.340332,273.875,1,856.712891,10.125,681.573364,83511.9375,4.64851037e-05,354.208466,0.23613897,0.417968214,0.228957698,0.808689952,-0.0508545227,0.0388667658,-0.041650217,0.0318321586,1.22099054,0,0,0,0,15,115,0.000634634634
7440.0,0.0496742576,0.000326640671,0.995551229,0.995551229,629.699158,1001.09375,1,833.488098,207.875,1,856.804016,11.4375,677.24176,85861.0312,4.22643498e-05,357.439087,0.238292724,0.419052929,0.228925109,0.808737755,-0.050816346,0.0388866812,-0.0416189507,0.0318484716,1.22099054,0,0,0,0,15,115,0.000634634634
7500.0,0.0498061702,0.000328757102,0.994466126,0.994466126,629.395508,954.625,1,833.585266,213.3125,1,856.895935,12.375,675.872375,86533.2812,4.334189e-05,360.347717,0.240231812,0.412304521,0.22907187,0.808769166,-0.0508690476,0.038952861,-0.0416621156,0.0319026709,1.22099054,0,0,0,0,15,115,0.000634634634
7560.0,0.0498086624,0.000330944546,0.995008707,0.995008707,629.04248,918.1875,1,833.668701,217.1875,1,856.994263,11.5625,675.082458,86069.6875,4.52585518e-05,363.149597,0.242099732,0.411999971,0.229200765,0.808796167,-0.0509381369,0.0389812589,-0.041718699,0.0319259316,1.22099054,0,0,0,0,15,115,0.000634634634
7620.0,0.0497665145,0.00033774809,0.994357646,0.994357646,629.199036,922.40625,1,833.885315,151.1875,1,857.086182,11.125,673.975708,87348.375,4.48822975e-05,366.145721,0.244097143,0.418129921,0.229259014,0.808866203,-0.0509914048,0.0389652811,-0.0417623259,0.0319128446,1.22099054,0,0,0,0,15,115,0.000634634634
7680.0,0.0496923476,0.00034390809,0.993164062,0.993164062,629.742126,954.5,1,834.02124,154.625,1,857.182495,11.8125,669.424927,89389.4688,4.3884851e-05,369.094147,0.24606277,0.42786181,0.229350194,0.808910191,-0.0510498472,0.0389728732,-0.0418101922,0.0319190621,1.22099054,0,0,0,0,15,115,0.000634634634
7740.0,0.0495823622,0.000347075518,0.993815124,0.993815124,630.222717,981.03125,1,834.212463,153.3125,1,857.279663,11.1875,667.026917,90635.6562,4.28399071e-05,371.984924,0.247989953,0.43683213,0.229505971,0.808972001,-0.0511224382,0.0390216298,-0.0418696441,0.0319589935,1.22099054,0,0,0,0,15,115,0.000634634634
7800.0,0.0495314896,0.000351480907,0.993489563,0.993489563,630.624756,993.125,1,834.447266,150.9375,1,857.385071,11.1875,666.911865,90624.4375,4.16496769e-05,374.381561,0.249587715,0.435263932,0.229653716,0.809047878,-0.0511858389,0.0390750803,-0.0419215672,0.0320027694,1.22099054,0,0,0,0,15,115,0.000634634634
7860.0,0.0495746583,0.000352360774,0.993923604,0.993923604,630.759827,992.09375,1,834.653381,149.625,1,857.489807,11.5625,663.825928,92370.8125,4.2758882e-05,375.732452,0.250488311,0.424083591,0.229707271,0.809114456,-0.05120885,0.0390944406,-0.0419404134,0.032018628,1.22099054,0,0,0,0,15,115,0.000634634634
7920.0,0.0496490449,0.000349776354,0.993381083,0.993381083,631.061707,994.21875,1,834.76001,217,1,857.585632,10.625,660.99176,93181.9062,4.41772863e-05,376.620209,0.251080126,0.416251779,0.22974585,0.809148967,-0.0512260199,0.0391076207,-0.0419544764,0.0320294201,1.22099054,0,0,0,0,15,115,0.000634634634
7980.0,0.0496991426,0.000346530229,0.993489563,0.993489563,631.334656,1008.59375,1,834.850525,283.3125,1,857.678162,10.4375,671.621094,88718.1562,4.35635448e-05,377.700806,0.251800537,0.413034648,0.229832515,0.809178174,-0.0512634553,0.0391387157,-0.0419851355,0.0320548899,1.22099054,0,0,0,0,15,115,0.000634634634
8040.0,0.0498728417,0.000339804683,0.993598104,0.993598104,631.812805,1007.375,1,834.963318,283.875,1,857.75769,11.125,672.612854,88362.8125,4.12017107e-05,378.872101,0.252581388,0.410643578,0.229904234,0.809214592,-0.0512909442,0.0391690545,-0.0420076512,0.0320797376,1.22099054,0,0,0,0,15,115,0.000634634634
8100.0,0.0500018261,0.000331815798,0.994574666,0.994574666,631.736816,989.53125,1,835.257324,144.1875,1,857.818115,11.1875,680.920166,85602.3438,3.66093591e-05,379.84967,0.253233105,0.406910598,0.230022684,0.809309602,-0.0513422526,0.0392114669,-0.0420496725,0.0321144722,1.22099054,0,0,0,0,15,115,0.000634634634
8160.0,0.0500536673,0.000324765686,0.993706584,0.993706584,631.52655,1025.59375,1,835.374146,142.9375,1,857.889648,11.0625,685.390625,84280.6875,3.29883769e-05,380.965881,0.253977269,0.400963157,0.230234787,0.809347332,-0.0514469892,0.0392707065,-0.042135451,0.0321629904,1.22099054,0,0,0,0,15,115,0.000634634634
8220.0,0.0501338355,0.000324076042,0.995225668,0.995225668,631.469666,1021.6875,1,835.466797,143.5,1,857.977783,11.5625,682.916687,85524.5625,3.18214297e-05,382.157623,0.254771739,0.393920153,0.230395585,0.809377253,-0.0515363701,0.0393026471,-0.0422086567,0.0321891494,1.22099054,0,0,0,0,15,115,0.000634634634
8280.0,0.0502391718,0.000326922396,0.995008707,0.995008707,631.182068,994.25,1,835.450256,215.5625,1,858.068481,11.9375,676.169678,87996.4375,3.00556421e-05,383.253479,0.255502313,0.392548621,0.230416134,0.809371889,-0.0515607744,0.0392897055,-0.0422286429,0.032178551,1.22099054,0,0,0,0,15,115,0.000634634634
8340.0,0.0503188707,0.000331218122,0.993272543,0.993272543,630.755981,999,1,835.609558,142.75,1,858.144958,11.875,674.437927,89546.2812,2.78316438e-05,384.422028,0.256281346,0.392460972,0.230395675,0.809423327,-0.0515548214,0.0392785259,-0.0422237664,0.0321693942,1.22099054,0,0,0,0,15,115,0.000634634634
8400.0,0.0503532216,0.000331946183,0.994249105,0.994249105,630.801086,1007.6875,1,835.671631,143.8125,1,858.223938,12,675.88324,88778.5938,2.81529501e-05,385.559906,0.257039934,0.391086787,0.23029314,0.809443355,-0.0515122972,0.0392391644,-0.0421889387,0.0321371555,1.22099054,0,0,0,0,15,115,0.000634634634
8460.0,0.0503664687,0.000330684008,0.995659709,0.995659709,630.717102,1001.28125,1,835.720032,146.8125,1,858.318054,11.5625,678.430969,87826.4062,3.03043053e-05,386.504913,0.257669955,0.389225125,0.230130896,0.809459031,-0.0514675863,0.0391473137,-0.0421523228,0.0320619307,1.22099054,0,0,0,0,15,115,0.000634634634
8520.0,0.0503793806,0.000327965012,0.996636271,0.996636271,630.988586,957.625,1,835.768127,150.9375,1,858.411621,11.75,680.815979,86936.2812,3.17823142e-05,387.252808,0.258168548,0.388940066,0.229884088,0.809474528,-0.0513897575,0.0390206128,-0.0420885794,0.0319581628,1.22099054,0,0,0,0,15,115,0.000634634634
8580.0,0.0503941588,0.000326524721,0.996744812,0.996744812,630.84259,933.9375,1,835.825928,152.375,1,858.496582,11.375,673.680542,89700.9062,3.1478703e-05,388.039978,0.258693308,0.391652942,0.229599118,0.809493244,-0.051287096,0.0388914309,-0.0420044996,0.0318523608,1.22099054,0,0,0,0,15,115,0.000634634634
8640.0,0.0504207797,0.00032621203,0.995551229,0.995551229,630.686646,882.71875,1,835.896545,152.9375,1,858.571899,11.4375,675.683594,88367.9375,3.16351652e-05,388.538757,0.259025842,0.395659089,0.229328424,0.809516013,-0.0511817038,0.0387793742,-0.0419181809,0.0317605846,1.22099054,0,0,0,0,15,115,0.000634634634
8700.0,0.0504324846,0.00032474217,0.994249105,0.994249105,630.172485,868.90625,1,835.973877,153.9375,1,858.635193,11.1875,671.467041,89867.0625,3.11853364e-05,388.608765,0.259072512,0.39735052,0.229087338,0.809540927,-0.051096689,0.0386681147,-0.0418485552,0.031669464,1.22099054,0,0,0,0,15,115,0.000634634634
8760.0,0.050378833,0.000323186163,0.993923604,0.993923604,630.203064,865.5,1,836.126709,152.1875,1,858.679688,9.9375,678.055542,87532.1875,3.10260803e-05,388.765991,0.259177327,0.398706079,0.228738055,0.80959028,-0.0509656742,0.0385176614,-0.0417412519,0.0315462425,1.22099054,0,0,0,0,15,115,0.000634634634
8820.0,0.0503504723,0.000322914449,0.994574666,0.994574666,630.455994,878.59375,1,836.280029,149.125,1,858.743469,9.625,684.082031,85871.5312,3.09636816e-05,389.512329,0.259674877,0.406144261,0.22835511,0.809639752,-0.0508177541,0.0383588858,-0.0416201055,0.0314162038,1.22099054,0,0,0,0,15,115,0.000634634634
8880.0,0.0504051,0.000325334491,0.994683146,0.994683146,630.781067,924.875,1,836.401245,151.75,1,858.802307,10.4375,680.112854,87523.0625,2.92658806e-05,390.631805,0.260421216,0.41388166,0.228069916,0.809678912,-0.0507207662,0.0382235423,-0.0415406711,0.0313053541,1.22099054,0,0,0,0,15,115,0.000634634634
8940.0,0.0504935831,0.00033056899,0.994466126,0.994466126,630.962341,939.78125,1,836.532715,156.25,1,858.856995,11.5625,687.65625,84195.625,2.75541097e-05,391.732635,0.261155099,0.415173888,0.227909267,0.809721291,-0.0506698079,0.0381425247,-0.0414989367,0.0312390011,1.22099054,0,0,0,0,15,115,0.000634634634
9000.0,0.0505347177,0.000333418371,0.994574666,0.994574666,631.171692,926.1875,1,836.641846,156.875,1,858.927673,12.25,688.843323,83882.875,2.52127647e-05,392.925293,0.261950195,0.414359003,0.227824897,0.809756517,-0.050644353,0.0380982831,-0.0414780863,0.031202767,1.22099054,0,0,0,0,15,115,0.000634634634
9060.0,0.0506249331,0.000334015815,0.994574666,0.994574666,630.888062,904.78125,1,836.644775,156.625,1,859.022095,12.625,685.985229,85373.3125,2.27643177e-05,394.283875,0.262855917,0.41246441,0.227827966,0.809757471,-0.0506551713,0.0380867273,-0.0414869487,0.0311933029,1.22099054,0,0,0,0,15,115,0.000634634634
9120.0,0.0507148057,0.000338122714,0.995008707,0.995008707,630.916016,911.4375,1,836.669312,155.5625,1,859.124329,12.9375,681.484375,86599.5938,2.03736126e-05,395.908722,0.263939142,0.413877964,0.227846414,0.809765399,-0.0506753251,0.0380770117,-0.0415034555,0.0311853457,1.22099054,0,0,0,0,15,115,0.000634634634
9180.0,0.0507910997,0.000338989077,0.994032145,0.994032145,630.737915,910.78125,1,836.7146,152.375,1,859.208313,12.5,682.487,86516.75,1.6364269e-05,398.235687,0.265490472,0.416289151,0.227763891,0.809780002,-0.0506603271,0.0380205289,-0.0414911695,0.0311390851,1.22099054,0,0,0,0,15,115,0.000634634634
9240.0,0.0509187318,0.000337165082,0.994032145,0.994032145,630.678955,897.125,1,836.781799,151,1,859.297363,12.6875,679.0755,88473.5938,1.3500452e-05,401.069305,0.267379522,0.420120597,0.227626294,0.809801638,-0.0506257936,0.0379390568,-0.0414628871,0.0310723595,1.22099054,0,0,0,0,15,115,0.000634634634
9300.0,0.0510231256,0.000335626537,0.995225668,0.995225668,630.885376,879.9375,1,836.791931,150.25,1,859.38916,13.375,674.299072,90624,1.21369958e-05,403.817352,0.26921156,0.422626138,0.227523983,0.809804916,-0.0506068878,0.0378694385,-0.0414474048,0.0310153421,1.22099054,0,0,0,0,15,115,0.000634634634
9360.0,0.0510658696,0.000329229282,0.995551229,0.995551229,630.573303,848.96875,1,836.819092,151.3125,1,859.479187,13.5625,682.884094,86978.375,1.1141412e-05,405.840179,0.270560116,0.421728075,0.227563083,0.809813678,-0.0506489985,0.0378494188,-0.0414818935,0.0309989452,1.22099054,0,0,0,0,15,115,0.000634634634
9420.0,0.0510513335,0.000325584784,0.994900167,0.994900167,630.095947,876.4375,1,836.881226,153.375,1,859.574646,13.6875,681.430115,87415.25,1.14357099e-05,406.804321,0.271202892,0.418437123,0.227713913,0.809833765,-0.0507379211,0.037870463,-0.0415547192,0.0310161803,1.22099054,0,0,0,0,15,115,0.000634634634
9480.0,0.0510962419,0.000326498644,0.99620223,0.99620223,629.411865,856.8125,1,836.884033,153.25,1,859.666504,13.375,673.474365,90579.7188,1.29975379e-05,406.844604,0.271229744,0.412618697,0.227819994,0.809834659,-0.0507915914,0.0378971957,-0.0415986776,0.0310380757,1.22099054,0,0,0,0,15,115,0.000634634634
9540.0,0.0510836728,0.000332304044,0.995117188,0.995117188,628.874695,807.875,1,836.862732,224.3125,1,859.744568,13,672.207031,90556.0938,1.46133825e-05,406.604248,0.271069497,0.413381219,0.227861747,0.809827745,-0.0508101732,0.0379111432,-0.0416138954,0.0310494974,1.22099054,0,0,0,0,15,115,0.000634634634
9600.0,0.0510035604,0.000336491736,0.994574666,0.994574666,629.035522,798.6875,1,837.068359,157.25,1,859.852966,13.1875,675.444885,88970.0312,1.54292211e-05,406.244659,0.270829767,0.412734389,0.227936,0.809894085,-0.0508516841,0.0379246064,-0.0416478924,0.0310605243,1.22099054,0,0,0,0,15,115,0.000634634634
9660.0,0.0509552695,0.000339676859,0.995117188,0.995117188,629.454773,793.5625,1,837.174561,161.4375,1,859.968689,14.1875,671.152344,91839.7812,1.63633376e-05,406.000793,0.270667195,0.409022272,0.228070438,0.809928358,-0.0509288162,0.0379463769,-0.0417110659,0.0310783554,1.22099054,0,0,0,0,15,115,0.000634634634
9720.0,0.0507591628,0.000335956458,0.995551229,0.995551229,629.651184,800.6875,1,837.283264,161.625,1,860.082764,15.3125,677.92749,88880.375,1.75014138e-05,405.769745,0.270513177,0.406440586,0.228290692,0.809963405,-0.0510469675,0.0379932076,-0.0418078303,0.0311167091,1.22099054,0,0,0,0,15,115,0.000634634634
9780.0,0.0506543778,0.000330305425,0.995442688,0.995442688,630.161316,808.75,1,837.272888,229.125,1,860.196716,15.375,684.331604,85824.25,1.86124817e-05,405.329681,0.270219773,0.401799709,0.228409782,0.809960008,-0.0511229783,0.0380022675,-0.0418700874,0.0311241299,1.22099054,0,0,0,0,15,115,0.000634634634
9840.0,0.0506292582,0.000324841589,0.993815124,0.993815124,630.312195,811.53125,1,837.263,298.125,1,860.289368,14.125,683.528625,86496.0625,2.08867714e-05,404.907806,0.269938529,0.396808058,0.228290901,0.809956849,-0.0511082672,0.0379109047,-0.0418580361,0.0310493018,1.22099054,0,0,0,0,15,115,0.000634634634
9900.0,0.0506642871,0.000316461315,0.993598104,0.993598104,630.799377,836.4375,1,837.420898,225.8125,1,860.372375,12.625,689.246948,84947.2188,2.09873542e-05,404.677246,0.269784838,0.393493563,0.228110179,0.810007751,-0.0510941818,0.0377606787,-0.0418465026,0.0309262667,1.22099054,0,0,0,0,15,115,0.000634634634
9960.0,0.0508219153,0.000310885021,0.99598527,0.99598527,631.032776,840.59375,1,837.472778,222.5,1,860.431763,11.9375,689.880615,84631.3125,1.84774399e-05,404.677643,0.269785106,0.395600915,0.22799167,0.8100245,-0.0511164889,0.0376192406,-0.0418647714,0.0308104269,1.22099054,0,0,0,0,15,115,0.000634634634
10020.0,0.051052954,0.000314028701,0.995768249,0.995768249,630.679932,812.625,1,837.541992,224.6875,1,860.462158,11.75,684.555115,87229.5312,1.59358606e-05,405.140076,0.270093381,0.40071854,0.227927864,0.810046852,-0.0511519723,0.0375109389,-0.0418938324,0.0307217278,1.22099054,0,0,0,0,15,115,0.000634634634
10080.0,0.0513005517,0.000319505576,0.994140625,0.994140625,630.508606,790.03125,1,837.613281,227.5625,1,860.50946,11.5625,682.881958,87218.0938,1.41905621e-05,406.069519,0.270713001,0.399876177,0.227937177,0.810069799,-0.051209338,0.0374413803,-0.0419408157,0.0306647588,1.22099054,0,0,0,0,15,115,0.000634634634
10140.0,0.0513780676,0.000321531901,0.994466126,0.994466126,630.403748,805.625,1,837.704834,226.875,1,860.58667,11.875,689.472656,83996.9062,1.30888075e-05,407.210388,0.271473587,0.398391873,0.227946594,0.810099304,-0.0512529165,0.0373905972,-0.041976504,0.0306231678,1.22099054,0,0,0,0,15,115,0.000634634634
10200.0,0.0514149778,0.000320919324,0.994900167,0.994900167,630.700195,836.71875,1,837.889221,153.75,1,860.653198,11.6875,693.867188,81933.5625,1.14254653e-05,408.409058,0.272272706,0.395851463,0.227817386,0.81015873,-0.0512153581,0.0373200625,-0.0419457443,0.0305653978,1.22099054,0,0,0,0,15,115,0.000634634634
10260.0,0.0514219403,0.000316920457,0.995551229,0.995551229,630.708496,855.90625,1,838.008545,153,1,860.742493,11.8125,693.298584,82337.1875,1.05332583e-05,409.511749,0.27300784,0.396343321,0.227598444,0.810197175,-0.0511201732,0.0372439586,-0.0418677889,0.0305030681,1.22099054,0,0,0,0,15,115,0.000634634634
10320.0,0.0514224768,0.000315831741,0.99598527,0.99598527,630.705933,872.25,1,838.108398,149.5625,1,860.846313,11.875,690.900635,83414.1875,8.27293843e-06,410.875946,0.273917288,0.398696363,0.22730121,0.810229361,-0.0509743541,0.0371637382,-0.0417483598,0.030437367,1.22099054,0,0,0,0,15,115,0.000634634634
10380.0,0.0514601283,0.000314353034,0.994466126,0.994466126,630.807434,836.25,1,838.223999,148.25,1,860.930786,12.75,690.970032,83300.3438,7.37980008e-06,412.49704,0.274998039,0.40300709,0.226975724,0.810266614,-0.0508047491,0.0370899029,-0.0416094549,0.0303768963,1.22099054,0,0,0,0,15,115,0.000634634634
10440.0,0.051491268,0.000313494587,0.995768249,0.995768249,631.290161,810.46875,1,838.333008,149.75,1,861.007507,13.1875,692.30249,82468.875,5.57117164e-06,414.487518,0.276325017,0.40731585,0.226813272,0.810301721,-0.0507075451,0.0370703675,-0.0415298417,0.0303608961,1.22099054,0,0,0,0,15,115,0.000634634634
10500.0,0.0514355563,0.000312781427,0.995551229,0.995551229,631.77002,786.78125,1,838.339111,223.25,1,861.102295,13.875,694.246948,81775.75,4.42285091e-06,416.654907,0.277769953,0.408261597,0.226797372,0.810303688,-0.050685674,0.0370853618,-0.0415119305,0.0303731766,1.22099054,0,0,0,0,15,115,0.000634634634
10560.0,0.0513692424,0.000310407253,0.995225668,0.995225668,631.862183,767.25,1,838.360352,296.75,1,861.183472,14,692.432739,83800.6562,5.16418368e-06,418.878571,0.27925238,0.40643546,0.226743087,0.810310602,-0.0506651551,0.0370624848,-0.0414951257,0.0303544402,1.22099054,0,0,0,0,15,115,0.000634634634
10620.0,0.0512661263,0.00030630501,0.995551229,0.995551229,631.841919,786.84375,1,838.337585,365.6875,1,861.258484,12.9375,684.385864,87697.5,6.88806176e-06,421.067535,0.280711681,0.401621014,0.226567626,0.810303211,-0.0506119803,0.0369706675,-0.0414515734,0.0302792415,1.22099054,0,0,0,0,15,115,0.000634634634
10680.0,0.0512203351,0.000304014888,0.993815124,0.993815124,631.266479,818.25,1,838.398193,364.5625,1,861.324768,12.8125,682.367615,88783.6875,9.77702439e-06,423.533051,0.282355368,0.405039787,0.226295933,0.810322762,-0.0505270511,0.0368321985,-0.0413820185,0.0301658344,1.22099054,0,0,0,0,15,115,0.000634634634
10740.0,0.0512524582,0.00030421163,0.994357646,0.994357646,630.434326,839.125,1,838.589844,293.875,1,861.406677,13.625,685.275635,86900.3125,1.16378069e-05,426.930542,0.284620374,0.412084967,0.226141453,0.810384452,-0.0504867546,0.0367425643,-0.0413490124,0.0300924238,1.22099054,0,0,0,0,15,115,0.000634634634
10800.0,0.0513327569,0.000312794233,0.995225668,0.995225668,630.558228,832.3125,1,838.706665,298.375,1,861.495117,14.3125,681.36499,88807.375,1.07390806e-05,431.45163,0.287634432,0.419395804,0.226104215,0.810422122,-0.0505020358,0.0366865844,-0.0413615294,0.0300465748,1.22099054,0,0,0,0,15,115,0.000634634634
10860.0,0.051349774,0.000323579647,0.994791687,0.994791687,630.257446,811.5,1,838.804199,299.75,1,861.575317,14.8125,679.466125,90042.0312,6.44847751e-06,436.812592,0.291208386,0.426160306,0.226267412,0.810453534,-0.0506086312,0.0366931744,-0.0414488316,0.0300519727,1.22099054,0,0,0,0,15,115,0.000634634634
10920.0,0.0512749627,0.000333177857,0.996310771,0.996310771,630.692688,819.09375,1,838.849609,373.5625,1,861.691711,16.125,681.623291,89337.25,2.58721411e-06,442.362305,0.294908196,0.431812137,0.226641089,0.810468137,-0.0508103855,0.0367668942,-0.0416140705,0.0301123504,1.22099054,0,0,0,0,15,115,0.000634634634
10980.0,0.0511317328,0.000341986306,0.995768249,0.995768249,631.122375,832.78125,1,839.027039,305.3125,1,861.84668,17.625,686.258667,87415.4688,2.80421227e-06,447.244659,0.298163116,0.430306494,0.227153346,0.810525239,-0.0510677248,0.0368954092,-0.0418248326,0.0302176047,1.22099054,0,0,0,0,15,115,0.000634634634
11040.0,0.0510323793,0.000343437307,0.995551229,0.995551229,631.728638,871.40625,1,839.16925,235.25,1,861.972107,19.0625,686.132812,86583.625,6.57141209e-06,450.246338,0.300164223,0.426784247,0.227710232,0.810571074,-0.0513247587,0.0370677598,-0.042035345,0.0303587615,1.22099054,0,0,0,0,15,115,0.000634634634
11100.0,0.0509710014,0.000341859879,0.994791687,0.994791687,631.849915,853.46875,1,839.249634,163.0625,1,862.100342,17.75,680.933167,88738.0312,1.0997057e-05,451.680756,0.30112049,0.428067833,0.228066996,0.810597003,-0.051479619,0.0371924378,-0.0421621762,0.0304608736,1.22099054,0,0,0,0,15,115,0.000634634634
11160.0,0.0509587973,0.000348669244,0.994249105,0.994249105,631.898926,813.46875,1,839.27417,166.3125,1,862.221985,18.6875,676.571167,89698.9062,1.41225755e-05,451.652649,0.301101774,0.426497102,0.228313506,0.81060487,-0.0515869111,0.0372784957,-0.0422500484,0.0305313542,1.22099054,0,0,0,0,15,115,0.000634634634
11220.0,0.0508690476,0.000353448791,0.992947042,0.992947042,632.286072,792.34375,1,839.381836,174.375,1,862.313721,19.375,680.993896,88363.3125,1.70450658e-05,451.352112,0.300901413,0.417510986,0.228543848,0.81063956,-0.0517029352,0.0373372994,-0.0423450731,0.0305795167,1.22099054,0,0,0,0,15,115,0.000634634634
11280.0,0.0507617146,0.000353432493,0.991970479,0.991970479,632.756531,779.59375,1,839.488037,176.5625,1,862.426208,19,685.939697,86177.1562,1.82082877e-05,451.30365,0.300869107,0.407851011,0.228717297,0.810673714,-0.0518027134,0.037364509,-0.0424267948,0.0306018014,1.22099054,0,0,0,0,15,115,0.000634634634
11340.0,0.0506309122,0.000348419417,0.990885437,0.990885437,632.864685,784.46875,1,839.568787,174.9375,1,862.540833,18.4375,692.111572,82879.3125,1.57123432e-05,451.227875,0.300818592,0.399004459,0.22883974,0.810699701,-0.0518895611,0.0373610109,-0.0424979217,0.0305989347,1.22099054,0,0,0,0,15,115,0.000634634634
11400.0,0.0505075343,0.000338558573,0.992730021,0.992730021,633.515137,843.53125,1,839.568115,241.375,1,862.641174,16.625,696.241333,81410.6875,1.23074278e-05,451.675537,0.301117033,0.397312045,0.228956193,0.810699522,-0.051985275,0.0373394042,-0.042576313,0.0305812396,1.22099054,0,0,0,0,15,115,0.000634634634
11460.0,0.0504493825,0.000329617877,0.993706584,0.993706584,633.858948,844.65625,1,839.516907,307.6875,1,862.767334,15.1875,698.229187,80421.5625,8.88761133e-06,452.585907,0.301723927,0.406394184,0.228986174,0.810683012,-0.0520388037,0.0372935571,-0.0426201522,0.0305436905,1.22099054,0,0,0,0,15,115,0.000634634634
11520.0,0.0504808873,0.00032786862,0.994249105,0.994249105,633.4552,858.375,1,839.605713,234.375,1,862.874878,15,692.402344,83221.4375,7.41519034e-06,453.649506,0.302433014,0.42694965,0.228863314,0.810711622,-0.0520130806,0.0372115038,-0.0425990857,0.0304764882,1.22099054,0,0,0,0,15,115,0.000634634634
11580.0,0.0505352952,0.000332099386,0.994357646,0.994357646,632.926636,900.375,1,839.544983,307.8125,1,862.967407,15.5625,684.702698,86800.2188,7.09947199e-06,454.880127,0.303253412,0.442638993,0.228655979,0.810692072,-0.0519377291,0.0371177532,-0.0425373726,0.0303997062,1.22099054,0,0,0,0,15,115,0.000634634634
11640.0,0.0506543629,0.00033999281,0.9921875,0.9921875,632.672791,896.4375,1,839.507446,381.5625,1,863.05542,17,687.686646,84777,6.57700002e-06,456.667145,0.30444476,0.453674674,0.228377372,0.810679972,-0.0518286377,0.0370030068,-0.0424480252,0.0303057283,1.22099054,0,0,0,0,15,115,0.000634634634
11700.0,0.0507885627,0.000347869471,0.99207902,0.99207902,632.843689,875.4375,1,839.70343,241.5625,1,863.170166,18.75,690.473083,83280.8438,5.3755939e-06,459.023102,0.306015402,0.457859576,0.22815147,0.810743034,-0.0517404824,0.0369097516,-0.0423758253,0.0302293506,1.22099054,0,0,0,0,15,115,0.000634634634
11760.0,0.0508373901,0.000352373347,0.993815124,0.993815124,633.203369,868.34375,1,839.795593,175.125,1,863.295227,20.9375,688.535156,84223.6562,4.64357436e-06,460.755096,0.307170063,0.452192634,0.227972135,0.810772717,-0.0516537242,0.0368593931,-0.0423047692,0.0301881079,1.22099054,0,0,0,0,15,115,0.000634634634
11820.0,0.0507794172,0.000355939614,0.991861999,0.991861999,633.091553,816.21875,1,839.869995,177.6875,1,863.396118,22.1875,690.36676,83297.75,4.61284071e-06,461.203064,0.307468712,0.444907814,0.227741078,0.810796618,-0.0515358895,0.0368031897,-0.0422082618,0.0301420763,1.22099054,0,0,0,0,15,115,0.000634634634
11880.0,0.0506336614,0.000356195495,0.992513001,0.992513001,633.402222,844.3125,1,839.950439,176.875,1,863.516174,21.8125,691.174072,82551.1562,4.92390245e-06,460.688721,0.307125807,0.432424903,0.227458656,0.810822546,-0.0513938218,0.0367320068,-0.0420919098,0.0300837774,1.22099054,0,0,0,0,15,115,0.000634634634
11940.0,0.0505250879,0.000352864154,0.992730021,0.992730021,633.685669,858.53125,1,840.012085,175.1875,1,863.634521,19.4375,690.112854,82958.5625,6.14207238e-06,459.480957,0.306320637,0.421981663,0.227178916,0.810842395,-0.0512576438,0.0366554819,-0.0419803783,0.0300211031,1.22099054,0,0,0,0,15,115,0.000634634634
12000.0,0.0504181497,0.000345058972,0.992621541,0.992621541,633.856567,832.875,1,840.065308,174.5,1,863.766052,17.5,685.566406,85893.125,7.39563257e-06,457.149445,0.304766297,0.41091907,0.226888657,0.810859501,-0.0511310026,0.0365559272,-0.0418766588,0.0299395658,1.22099054,0,0,0,0,15,115,0.000634634634
12060.0,0.0502595454,0.000340085709,0.992947042,0.992947042,633.457581,828.125,1,840.165222,174.125,1,863.909302,16.4375,687.328552,84690.8438,8.82986933e-06,453.712097,0.302474737,0.40926981,0.226640135,0.810891628,-0.051031217,0.0364588648,-0.0417949334,0.0298600718,1.22099054,0,0,0,0,15,115,0.000634634634
12120.0,0.0501598902,0.000343351159,0.992947042,0.992947042,633.177795,852.25,1,840.294189,172.4375,1,864.035278,15.5625,685.907104,85784.125,1.00759789e-05,449.984467,0.299989641,0.410672784,0.226397499,0.810933113,-0.0509211682,0.0363820307,-0.0417048,0.0297971442,1.22099054,0,0,0,0,15,115,0.000634634634
12180.0,0.0501223244,0.000345248729,0.99229598,0.99229598,633.343872,864.59375,1,840.405518,168.9375,1,864.161377,14.875,689.813354,83858.4688,8.76467675e-06,446.788239,0.297858834,0.409252018,0.226131693,0.810968935,-0.0507812314,0.0363252237,-0.0415901914,0.0297506191,1.22099054,0,0,0,0,15,115,0.000634634634
12240.0,0.0501198135,0.000347608235,0.99229598,0.99229598,633.606323,875.75,1,840.50531,167.4375,1,864.255737,15.25,691.640625,82787.75,6.97281212e-06,444.020203,0.296013474,0.405402452,0.225991562,0.811001062,-0.0506795645,0.0363343284,-0.0415069275,0.0297580753,1.22099054,0,0,0,0,15,115,0.000634634634
12300.0,0.0501461625,0.000350542599,0.99229598,0.99229598,633.901611,874.96875,1,840.616882,170.125,1,864.341064,16.375,692.658447,81397.1562,6.99516386e-06,441.267426,0.294178277,0.401511848,0.225957587,0.811036885,-0.0506332368,0.0363667384,-0.0414689854,0.0297846198,1.22099054,0,0,0,0,15,115,0.000634634634
12360.0,0.0500923432,0.000350652961,0.992513001,0.992513001,634.16095,896.15625,1,840.703125,175.125,1,864.44397,17.3125,692.549927,81894.9062,8.94442201e-06,437.957489,0.291971654,0.396527976,0.226001129,0.811064661,-0.0506341234,0.0364066847,-0.0414697081,0.0298173353,1.22099054,0,0,0,0,15,115,0.000634634634
12420.0,0.0499882624,0.00035127392,0.99207902,0.99207902,634.602417,900.625,1,840.832703,176.875,1,864.552063,18.125,687.580322,84976.75,1.2899749e-05,434.186005,0.289457351,0.39525187,0.226234004,0.811106324,-0.0507330075,0.0364894122,-0.0415506959,0.0298850909,1.22099054,0,0,0,0,15,115,0.000634634634
12480.0,0.0498174764,0.000351367518,0.992404521,0.992404521,634.883057,890.875,1,841.045593,173.75,1,864.653564,17.4375,692.180969,82902.4375,1.9271858e-05,430.333588,0.286889046,0.392997265,0.226490006,0.81117481,-0.0508564115,0.0365601927,-0.0416517667,0.0299430601,1.22099054,0,0,0,0,15,115,0.000634634634
12540.0,0.0496648289,0.00034923153,0.991536438,0.991536438,635.50885,875.65625,1,841.234436,167.625,1,864.737732,15.9375,698.394104,80246.4375,2.33072788e-05,426.822845,0.284548551,0.38798672,0.226615638,0.811235487,-0.0509318039,0.0365743823,-0.0417135134,0.0299546812,1.22099054,0,0,0,0,15,115,0.000634634634
12600.0,0.0495586731,0.000341216568,0.991861999,0.991861999,636.253174,873.15625,1,841.26062,234.5625,1,864.840942,15.6875,697.450073,80950.1562,2.43363902e-05,423.34259,0.28222838,0.383413374,0.226551026,0.811243892,-0.0509300977,0.0365154296,-0.0417121165,0.0299063977,1.22099054,0,0,0,0,15,115,0.000634634634
12660.0,0.0494718626,0.00033638766,0.991319418,0.991319418,636.941833,866.65625,1,841.457703,159.9375,1,864.958252,15.4375,692.543396,83949.9688,2.44891271e-05,420.475555,0.280317038,0.378784776,0.226333365,0.811307251,-0.0508754849,0.0363849662,-0.0416673869,0.0297995489,1.22099054,0,0,0,0,15,115,0.000634634634
12720.0,0.0493823364,0.000331145711,0.992513001,0.992513001,636.955261,879.78125,1,841.48114,230.5,1,865.068237,16.0625,692.849365,83565.4375,2.36155465e-05,418.208984,0.278806001,0.37500459,0.226115316,0.811314762,-0.0508344509,0.0362351388,-0.041633781,0.0296768378,1.22099054,0,0,0,0,15,115,0.000634634634
12780.0,0.0493705012,0.000328191323,0.99207902,0.99207902,636.96051,890.34375,1,841.69989,157.3125,1,865.163757,16,694.444458,82845.1562,2.31182203e-05,416.59201,0.277728021,0.374030232,0.225939989,0.811385095,-0.0508088395,0.0361042358,-0.0416128039,0.0295696277,1.22099054,0,0,0,0,15,115,0.000634634634
12840.0,0.0493516549,0.000326825539,0.991861999,0.991861999,637.137024,894.75,1,841.878845,157.25,1,865.236511,16,700.377625,80463.9375,2.4408102e-05,415.573059,0.277048707,0.374851435,0.225741416,0.811442554,-0.0507625937,0.0359801725,-0.0415749289,0.0294680186,1.22099054,0,0,0,0,15,115,0.000634634634
12900.0,0.0494372398,0.000329982489,0.992404521,0.992404521,637.5224,948.75,1,842.016479,156.375,1,865.304138,16.5625,699.279541,81597,2.5418587e-05,414.81488,0.27654326,0.374298245,0.225504667,0.811486781,-0.0506715328,0.0358830616,-0.0415003486,0.0293884855,1.22099054,0,0,0,0,15,115,0.000634634634
12960.0,0.049537573,0.000332108932,0.993489563,0.993489563,637.844055,973.1875,1,842.10675,154.1875,1,865.409912,17.5625,693.643677,85223.75,2.59513035e-05,414.656433,0.27643761,0.373889714,0.225218847,0.811515749,-0.0505324714,0.0358072631,-0.0413864553,0.0293264054,1.22099054,0,0,0,0,15,115,0.000634634634
13020.0,0.0496154241,0.000331086339,0.994574666,0.994574666,638.023132,977.9375,1,842.173645,150.4375,1,865.526062,17.625,696.451843,83904.3438,2.62549147e-05,414.820129,0.276546746,0.372647405,0.224877909,0.811537266,-0.0503622219,0.0357234254,-0.0412470214,0.0292577408,1.22099054,0,0,0,0,15,115,0.000634634634
13080.0,0.0495885611,0.000329455128,0.995334208,0.995334208,637.910217,964.5,1,842.280029,147.0625,1,865.596252,15.3125,699.561646,82173.8125,2.67773867e-05,415.239075,0.276826054,0.374825329,0.224578738,0.811571419,-0.0502107553,0.0356531665,-0.0411229692,0.0292001981,1.22099054,0,0,0,0,15,115,0.000634634634
13140.0,0.0494948663,0.000334265409,0.994900167,0.994900167,638.140442,956.21875,1,842.403015,147.875,1,865.671143,15.5,702.873291,79519,2.87620351e-05,415.908051,0.277272046,0.378194362,0.224436298,0.811610937,-0.0501335934,0.0356269516,-0.0410597734,0.0291787293,1.22099054,0,0,0,0,15,115,0.000634634634
13200.0,0.0494584776,0.000340121798,0.994140625,0.994140625,638.509094,957.78125,1,842.497314,149.5,1,865.778748,16.875,700.917969,80404.6875,3.05306166e-05,416.993256,0.277995497,0.379998684,0.224337876,0.811641216,-0.0500792861,0.0356102735,-0.0410152934,0.0291650686,1.22099054,0,0,0,0,15,115,0.000634634634
13260.0,0.0493501015,0.000343434047,0.994140625,0.994140625,638.609497,940.0625,1,842.593262,148.75,1,865.904968,18.3125,697.209229,83060.5312,2.90097669e-05,418.510254,0.279006839,0.378285736,0.224220484,0.811672032,-0.0500304438,0.0355680138,-0.0409752913,0.0291304588,1.22099054,0,0,0,0,15,115,0.000634634634
13320.0,0.049262993,0.000348381,0.994357646,0.994357646,638.908752,943.4375,1,842.688171,148.1875,1,866.007812,18.75,698.535156,82608.625,2.63918191e-05,420.874176,0.280582786,0.377636284,0.224114224,0.81170249,-0.0500069819,0.0355005935,-0.0409560762,0.0290752407,1.22099054,0,0,0,0,15,115,0.000634634634
13380.0,0.0492211841,0.0003543864,0.995442688,0.995442688,639.306763,966.46875,1,842.790771,151.4375,1,866.084412,18.375,696.391052,83238.375,2.64663249e-05,424.013947,0.282675952,0.38073349,0.224128067,0.811735451,-0.0500407368,0.0354661122,-0.0409837216,0.0290469993,1.22099054,0,0,0,0,15,115,0.000634634634
13440.0,0.0492315888,0.000358062331,0.995659709,0.995659709,639.075867,963.125,1,842.867859,151.25,1,866.191467,18.3125,695.279968,84428.0312,2.77990475e-05,427.570251,0.285046846,0.382990837,0.224224567,0.811760187,-0.0501116514,0.0354573727,-0.0410418026,0.029039843,1.22099054,0,0,0,0,15,115,0.000634634634
13500.0,0.0492784381,0.000363562722,0.995551229,0.995551229,639.052856,952.125,1,842.895935,150.6875,1,866.310242,18,690.783447,86246.7188,2.65976414e-05,431.177521,0.287451684,0.390579283,0.224307939,0.811769187,-0.0501717776,0.0354514383,-0.0410910435,0.0290349815,1.22099054,0,0,0,0,15,115,0.000634634634
13560.0,0.0492965989,0.000371965114,0.99598527,0.99598527,639.299438,943.71875,1,842.941528,153.25,1,866.444031,18.875,696.124146,84015,2.2912398e-05,434.649109,0.289766073,0.397111505,0.224367499,0.81178385,-0.0502164364,0.0354447551,-0.0411276221,0.0290295091,1.22099054,0,0,0,0,15,115,0.000634634634
13620.0,0.0492649637,0.000376090873,0.994683146,0.994683146,639.841797,934.5625,1,843.016479,157.125,1,866.575745,20.25,701.323792,80560.9375,2.10031867e-05,437.664886,0.291776597,0.397022784,0.224401668,0.81180793,-0.050254643,0.0354230739,-0.0411589108,0.0290117506,1.22099054,0,0,0,0,15,115,0.000634634634
13680.0,0.049170997,0.000370895723,0.995551229,0.995551229,640.1297,960.0625,1,843.139099,158.0625,1,866.683167,19.3125,699.51825,81190.5312,2.14902684e-05,439.381744,0.292921156,0.39371565,0.224328294,0.81184727,-0.0502462201,0.035365209,-0.0411520153,0.0289643593,1.22099054,0,0,0,0,15,115,0.000634634634
13740.0,0.0491395928,0.000363273313,0.995442688,0.995442688,640.34668,976.75,1,843.235474,158.25,1,866.796143,18.1875,697.918823,81911.875,2.29375437e-05,439.886719,0.293257803,0.390296131,0.224250332,0.811878204,-0.0502424724,0.0352963097,-0.0411489457,0.0289079305,1.22099054,0,0,0,0,15,115,0.000634634634
13800.0,0.0490753017,0.000358735677,0.995008707,0.995008707,640.333679,1005.3125,1,843.330627,158.3125,1,866.932495,18.0625,698.899719,81876.875,2.40514055e-05,439.755493,0.293170333,0.393370867,0.224249199,0.811908722,-0.0502813682,0.0352397934,-0.0411808006,0.0288616437,1.22099054,0,0,0,0,15,115,0.000634634634
13860.0,0.0490702242,0.000358287478,0.995117188,0.995117188,640.568054,974.9375,1,843.477112,162.9375,1,867.054321,18.75,696.137146,82422.1875,2.48281285e-05,438.973938,0.292649299,0.395501405,0.224247918,0.81195575,-0.0503178835,0.03518641,-0.0412107073,0.0288179219,1.22099054,0,0,0,0,15,115,0.000634634634
13920.0,0.0490986556,0.000363636063,0.994140625,0.994140625,640.366699,931.375,1,843.592041,167.3125,1,867.1604,19.125,693.689209,84218.0938,2.5851652e-05,437.6474,0.291764945,0.393103898,0.224263817,0.811992645,-0.0503557585,0.0351474062,-0.0412417278,0.0287859775,1.22099054,0,0,0,0,15,115,0.000634634634
13980.0,0.0490609482,0.000371594913,0.994900167,0.994900167,640.408997,920.6875,1,843.483398,314.875,1,867.282776,19.4375,687.96875,86434.875,2.84463167e-05,435.756287,0.290504187,0.390669674,0.224336073,0.811957717,-0.0504152924,0.035131231,-0.0412904844,0.0287727304,1.22099054,0,0,0,0,15,115,0.000634634634
14040.0,0.0489835925,0.000373368151,0.992513001,0.992513001,640.600159,916.90625,1,843.39917,461.3125,1,867.419189,19.375,688.548157,85175.6875,3.11527401e-05,433.619232,0.289079487,0.389553487,0.224462777,0.811930716,-0.0504975878,0.0351345465,-0.041357886,0.0287754461,1.22099054,0,0,0,0,15,115,0.000634634634
14100.0,0.0489267781,0.000375583768,0.99207902,0.99207902,640.998535,913.5,1,843.404602,533.8125,1,867.563782,18.9375,686.371521,85551,3.33916396e-05,431.42218,0.287614793,0.387416601,0.224662557,0.811932445,-0.0506147407,0.0351579599,-0.0414538346,0.0287946202,1.22099054,0,0,0,0,15,115,0.000634634634
14160.0,0.0487810783,0.000374277821,0.99207902,0.99207902,641.392273,915.34375,1,843.661682,462.0625,1,867.689697,18.3125,694.711365,82871.375,3.65637243e-05,428.923584,0.285949051,0.381461829,0.224908188,0.812014937,-0.0507519841,0.0351966769,-0.0415662378,0.0288263299,1.22099054,0,0,0,0,15,115,0.000634634634
14220.0,0.0486460179,0.000368808163,0.991753459,0.991753459,641.947449,915.96875,1,843.904602,390.4375,1,867.799561,17.625,696.421448,82386.1562,3.97097319e-05,426.296234,0.284197479,0.369326234,0.225193202,0.8120929,-0.0509102903,0.0352432318,-0.0416958928,0.0288644601,1.22099054,0,0,0,0,15,115,0.000634634634
14280.0,0.0485511273,0.000362845603,0.989691854,0.989691854,642.165283,907.8125,1,844.266602,175.25,1,867.921631,17.25,692.556396,83976.625,4.04613093e-05,423.632538,0.282421678,0.360253483,0.225459903,0.81220901,-0.0510620661,0.0352817699,-0.0418201983,0.0288960226,1.22099054,0,0,0,0,15,115,0.000634634634
14340.0,0.0484839566,0.000356048811,0.990559876,0.990559876,642.851379,960.125,1,844.175842,318.125,1,868.034607,17.375,686.529968,87038.8438,4.09036875e-05,421.116272,0.280744195,0.355044603,0.225678831,0.812179923,-0.0511724502,0.0353341475,-0.0419106036,0.0289389193,1.22099054,0,0,0,0,15,115,0.000634634634
14400.0,0.048532322,0.00035182829,0.992621541,0.992621541,643.073853,955.34375,1,844.457642,171.8125,1,868.111755,17.5625,692.022583,84290.75,4.22513112e-05,418.865814,0.279243886,0.354579866,0.225760475,0.812270284,-0.0512007065,0.0353724286,-0.0419337451,0.0289702732,1.22099054,0,0,0,0,15,115,0.000634634634
