file,status,records,expected,actual
gabls_data/res_12.5m/MO/MO_A8_32.dat,parsed,48,192,192
gabls_data/res_12.5m/MO/MO_A9_32.dat,parsed,48,192,192
gabls_data/res_12.5m/MO/MO_B8_32.dat,parsed,48,336,336
gabls_data/res_12.5m/MO/MO_B9_32.dat,parsed,48,336,336
gabls_data/res_12.5m/MO/MO_C8_32.dat,parsed,48,528,528
gabls_data/res_12.5m/MO/MO_C9_32.dat,parsed,48,528,528
gabls_data/res_12.5m/MO/MO_D8_32.dat,parsed,48,336,336
gabls_data/res_12.5m/MO/MO_D9_32.dat,parsed,48,336,336
gabls_data/res_12.5m/MO/MO_E_32.dat,parsed,6481,38886,38886
gabls_data/res_12.5m/LLNL/LLNL_A8_32.dat,parsed,32,128,128
gabls_data/res_12.5m/LLNL/LLNL_A9_32.dat,parsed,32,128,128
gabls_data/res_12.5m/LLNL/LLNL_B8_32.dat,parsed,32,224,224
gabls_data/res_12.5m/LLNL/LLNL_B9_32.dat,parsed,32,224,224
gabls_data/res_12.5m/LLNL/LLNL_C8_32.dat,parsed,32,352,352
gabls_data/res_12.5m/LLNL/LLNL_C9_32.dat,parsed,32,352,352
gabls_data/res_12.5m/LLNL/LLNL_D8_32.dat,parsed,32,224,224
gabls_data/res_12.5m/LLNL/LLNL_D9_32.dat,parsed,32,224,224
gabls_data/res_12.5m/LLNL/LLNL_E_32.dat,parsed,927,5562,5562
gabls_data/res_12.5m/NERSC/NERSC_A8_32.dat,parsed,32,128,128
gabls_data/res_12.5m/NERSC/NERSC_A9_32.dat,parsed,32,128,128
gabls_data/res_12.5m/NERSC/NERSC_B8_32.dat,parsed,32,224,224
gabls_data/res_12.5m/NERSC/NERSC_B9_32.dat,parsed,32,224,224
gabls_data/res_12.5m/NERSC/NERSC_C8_32.dat,parsed,32,352,352
gabls_data/res_12.5m/NERSC/NERSC_C9_32.dat,parsed,32,352,352
gabls_data/res_12.5m/NERSC/NERSC_D8_32.dat,parsed,32,224,224
gabls_data/res_12.5m/NERSC/NERSC_D9_32.dat,parsed,32,224,224
gabls_data/res_12.5m/NERSC/NERSC_E_32.dat,parsed,534,3204,3204
gabls_data/res_12.5m/WVU/WVU_A8_32.dat,parsed,74,296,296
gabls_data/res_12.5m/WVU/WVU_A9_32.dat,parsed,74,296,296
gabls_data/res_12.5m/WVU/WVU_B8_32.dat,parsed,74,518,518
gabls_data/res_12.5m/WVU/WVU_B9_32.dat,parsed,74,518,518
gabls_data/res_12.5m/WVU/WVU_C8_32.dat,parsed,74,814,814
gabls_data/res_12.5m/WVU/WVU_C9_32.dat,parsed,74,814,814
gabls_data/res_12.5m/WVU/WVU_D8_32.dat,parsed,74,518,518
gabls_data/res_12.5m/WVU/WVU_D9_32.dat,parsed,74,518,518
gabls_data/res_12.5m/WVU/WVU_E_32.dat,parsed,540,3240,3240
gabls_data/res_12.5m/UIB/UIB_A8_32.dat,parsed,32,128,128
gabls_data/res_12.5m/UIB/UIB_A9_32.dat,parsed,32,128,128
gabls_data/res_12.5m/UIB/UIB_B8_32.dat,parsed,32,224,224
gabls_data/res_12.5m/UIB/UIB_B9_32.dat,parsed,32,224,224
gabls_data/res_12.5m/UIB/UIB_C8_32.dat,parsed,32,352,352
gabls_data/res_12.5m/UIB/UIB_C9_32.dat,parsed,32,352,352
gabls_data/res_12.5m/UIB/UIB_D8_32.dat,parsed,32,224,224
gabls_data/res_12.5m/UIB/UIB_D9_32.dat,parsed,32,224,224
gabls_data/res_12.5m/UIB/UIB_E_32.dat,parsed,540,3240,3240
gabls_data/res_12.5m/CSU/CSU_A8_32.dat,parsed,32,128,128
gabls_data/res_12.5m/CSU/CSU_A9_32.dat,parsed,32,128,128
gabls_data/res_12.5m/CSU/CSU_B8_32.dat,parsed,32,224,224
gabls_data/res_12.5m/CSU/CSU_B9_32.dat,parsed,32,224,224
gabls_data/res_12.5m/CSU/CSU_C8_32.dat,parsed,32,352,352
gabls_data/res_12.5m/CSU/CSU_C9_32.dat,parsed,32,352,352
gabls_data/res_12.5m/CSU/CSU_D8_32.dat,parsed,32,224,224
gabls_data/res_12.5m/CSU/CSU_D9_32.dat,parsed,32,224,224
gabls_data/res_12.5m/CSU/CSU_E_32.dat,parsed,108,648,648
gabls_data/res_12.5m/WU/WU_A8_32.dat,parsed,32,128,128
gabls_data/res_12.5m/WU/WU_A9_32.dat,parsed,32,128,128
gabls_data/res_12.5m/WU/WU_B8_32.dat,parsed,32,224,224
gabls_data/res_12.5m/WU/WU_B9_32.dat,parsed,32,224,224
gabls_data/res_12.5m/WU/WU_C8_32.dat,parsed,32,352,352
gabls_data/res_12.5m/WU/WU_C9_32.dat,parsed,32,352,352
gabls_data/res_12.5m/WU/WU_D8_32.dat,parsed,32,224,224
gabls_data/res_12.5m/WU/WU_D9_32.dat,parsed,32,224,224
gabls_data/res_12.5m/WU/WU_E_32.dat,parsed,973,5838,5838
gabls_data/res_6.25m/MO/MO_A8_64.dat,parsed,81,324,324
gabls_data/res_6.25m/MO/MO_A9_64.dat,parsed,81,324,324
gabls_data/res_6.25m/MO/MO_B8_64.dat,parsed,81,567,567
gabls_data/res_6.25m/MO/MO_B9_64.dat,parsed,81,567,567
gabls_data/res_6.25m/MO/MO_C8_64.dat,parsed,81,891,891
gabls_data/res_6.25m/MO/MO_C9_64.dat,parsed,81,891,891
gabls_data/res_6.25m/MO/MO_D8_64.dat,parsed,81,567,567
gabls_data/res_6.25m/MO/MO_D9_64.dat,parsed,81,567,567
gabls_data/res_6.25m/MO/MO_E_64.dat,parsed,6481,38886,38886
gabls_data/res_6.25m/CSU/CSU_A8_64.dat,parsed,64,256,256
gabls_data/res_6.25m/CSU/CSU_A9_64.dat,parsed,64,256,256
gabls_data/res_6.25m/CSU/CSU_B8_64.dat,parsed,64,448,448
gabls_data/res_6.25m/CSU/CSU_B9_64.dat,parsed,64,448,448
gabls_data/res_6.25m/CSU/CSU_C8_64.dat,parsed,64,704,704
gabls_data/res_6.25m/CSU/CSU_C9_64.dat,parsed,64,704,704
gabls_data/res_6.25m/CSU/CSU_D8_64.dat,parsed,64,448,448
gabls_data/res_6.25m/CSU/CSU_D9_64.dat,parsed,64,448,448
gabls_data/res_6.25m/CSU/CSU_E_64.dat,parsed,108,648,648
gabls_data/res_6.25m/IMUK/IMUK_A8_64.dat,parsed,66,264,264
gabls_data/res_6.25m/IMUK/IMUK_A9_64.dat,parsed,66,264,264
gabls_data/res_6.25m/IMUK/IMUK_B8_64.dat,parsed,66,462,462
gabls_data/res_6.25m/IMUK/IMUK_B9_64.dat,parsed,66,462,462
gabls_data/res_6.25m/IMUK/IMUK_C8_64.dat,parsed,66,726,726
gabls_data/res_6.25m/IMUK/IMUK_C9_64.dat,parsed,66,726,726
gabls_data/res_6.25m/IMUK/IMUK_D8_64.dat,parsed,66,462,462
gabls_data/res_6.25m/IMUK/IMUK_D9_64.dat,parsed,66,462,462
gabls_data/res_6.25m/IMUK/IMUK_E_64.dat,parsed,540,3240,3240
gabls_data/res_6.25m/LLNL/LLNL_A8_64.dat,parsed,64,256,256
gabls_data/res_6.25m/LLNL/LLNL_A9_64.dat,parsed,64,256,256
gabls_data/res_6.25m/LLNL/LLNL_B8_64.dat,parsed,64,448,448
gabls_data/res_6.25m/LLNL/LLNL_B9_64.dat,parsed,64,448,448
gabls_data/res_6.25m/LLNL/LLNL_C8_64.dat,parsed,64,704,704
gabls_data/res_6.25m/LLNL/LLNL_C9_64.dat,parsed,64,704,704
gabls_data/res_6.25m/LLNL/LLNL_D8_64.dat,parsed,64,448,448
gabls_data/res_6.25m/LLNL/LLNL_D9_64.dat,parsed,64,448,448
gabls_data/res_6.25m/LLNL/LLNL_E_64.dat,parsed,927,5562,5562
gabls_data/res_6.25m/NERSC/NERSC_A8_64.dat,parsed,64,256,256
gabls_data/res_6.25m/NERSC/NERSC_A9_64.dat,parsed,64,256,256
gabls_data/res_6.25m/NERSC/NERSC_B8_64.dat,parsed,64,448,448
gabls_data/res_6.25m/NERSC/NERSC_B9_64.dat,parsed,64,448,448
gabls_data/res_6.25m/NERSC/NERSC_C8_64.dat,parsed,64,704,704
gabls_data/res_6.25m/NERSC/NERSC_C9_64.dat,parsed,64,704,704
gabls_data/res_6.25m/NERSC/NERSC_D8_64.dat,parsed,64,448,448
gabls_data/res_6.25m/NERSC/NERSC_D9_64.dat,parsed,64,448,448
gabls_data/res_6.25m/NERSC/NERSC_E_64.dat,parsed,534,3204,3204
gabls_data/res_6.25m/WVU/WVU_A8_64.dat,parsed,58,232,232
gabls_data/res_6.25m/WVU/WVU_A9_64.dat,parsed,58,232,232
gabls_data/res_6.25m/WVU/WVU_B8_64.dat,parsed,58,406,406
gabls_data/res_6.25m/WVU/WVU_B9_64.dat,parsed,58,406,406
gabls_data/res_6.25m/WVU/WVU_C8_64.dat,parsed,58,638,638
gabls_data/res_6.25m/WVU/WVU_C9_64.dat,parsed,58,638,638
gabls_data/res_6.25m/WVU/WVU_D8_64.dat,parsed,58,406,406
gabls_data/res_6.25m/WVU/WVU_D9_64.dat,parsed,58,406,406
gabls_data/res_6.25m/WVU/WVU_E_64.dat,parsed,540,3240,3240
gabls_data/res_6.25m/UIB/UIB_A8_64.dat,parsed,64,256,256
gabls_data/res_6.25m/UIB/UIB_A9_64.dat,parsed,64,256,256
gabls_data/res_6.25m/UIB/UIB_B8_64.dat,parsed,64,448,448
gabls_data/res_6.25m/UIB/UIB_B9_64.dat,parsed,64,448,448
gabls_data/res_6.25m/UIB/UIB_C8_64.dat,parsed,64,704,704
gabls_data/res_6.25m/UIB/UIB_C9_64.dat,parsed,64,704,704
gabls_data/res_6.25m/UIB/UIB_D8_64.dat,parsed,64,448,448
gabls_data/res_6.25m/UIB/UIB_D9_64.dat,parsed,64,448,448
gabls_data/res_6.25m/UIB/UIB_E_64.dat,parsed,540,3240,3240
gabls_data/res_6.25m/CORA/CORA_A8_64.dat,parsed,64,256,256
gabls_data/res_6.25m/CORA/CORA_A9_64.dat,parsed,64,256,256
gabls_data/res_6.25m/CORA/CORA_B8_64.dat,parsed,63,441,441
gabls_data/res_6.25m/CORA/CORA_B9_64.dat,parsed,63,441,441
gabls_data/res_6.25m/CORA/CORA_C8_64.dat,parsed,63,693,693
gabls_data/res_6.25m/CORA/CORA_C9_64.dat,parsed,63,693,693
gabls_data/res_6.25m/CORA/CORA_D8_64.dat,parsed,63,441,441
gabls_data/res_6.25m/CORA/CORA_D9_64.dat,parsed,63,441,441
gabls_data/res_6.25m/CORA/CORA_E_64.dat,parsed,861,5166,5166
gabls_data/res_6.25m/WU/WU_A8_64.dat,parsed,64,256,256
gabls_data/res_6.25m/WU/WU_A9_64.dat,parsed,64,256,256
gabls_data/res_6.25m/WU/WU_B8_64.dat,parsed,64,448,448
gabls_data/res_6.25m/WU/WU_B9_64.dat,parsed,64,448,448
gabls_data/res_6.25m/WU/WU_C8_64.dat,parsed,64,704,704
gabls_data/res_6.25m/WU/WU_C9_64.dat,parsed,64,704,704
gabls_data/res_6.25m/WU/WU_D8_64.dat,parsed,64,448,448
gabls_data/res_6.25m/WU/WU_D9_64.dat,parsed,64,448,448
gabls_data/res_6.25m/WU/WU_E_64.dat,parsed,973,5838,5838
gabls_data/res_6.25m/NRL/NRL_A8_64.dat,parsed,64,256,256
gabls_data/res_6.25m/NRL/NRL_A9_64.dat,parsed,64,256,256
gabls_data/res_6.25m/NRL/NRL_B8_64.dat,parsed,64,448,448
gabls_data/res_6.25m/NRL/NRL_B9_64.dat,parsed,64,448,448
gabls_data/res_6.25m/NRL/NRL_C8_64.dat,parsed,64,704,704
gabls_data/res_6.25m/NRL/NRL_C9_64.dat,parsed,64,704,704
gabls_data/res_6.25m/NRL/NRL_D8_64.dat,parsed,64,448,448
gabls_data/res_6.25m/NRL/NRL_D9_64.dat,parsed,64,448,448
gabls_data/res_6.25m/NRL/NRL_E_64.dat,parsed,540,3240,3240
gabls_data/res_3.125m/MO/MO_A8_128.dat,parsed,145,580,580
gabls_data/res_3.125m/MO/MO_A9_128.dat,parsed,145,580,580
gabls_data/res_3.125m/MO/MO_B8_128.dat,parsed,145,1015,1015
gabls_data/res_3.125m/MO/MO_B9_128.dat,parsed,145,1015,1015
gabls_data/res_3.125m/MO/MO_C8_128.dat,parsed,145,1595,1595
gabls_data/res_3.125m/MO/MO_C9_128.dat,parsed,145,1595,1595
gabls_data/res_3.125m/MO/MO_D8_128.dat,parsed,145,1015,1015
gabls_data/res_3.125m/MO/MO_D9_128.dat,parsed,145,1015,1015
gabls_data/res_3.125m/MO/MO_E_128.dat,parsed,6481,38886,38886
gabls_data/res_3.125m/CSU/CSU_A8_128.dat,parsed,128,512,512
gabls_data/res_3.125m/CSU/CSU_A9_128.dat,parsed,128,512,512
gabls_data/res_3.125m/CSU/CSU_B8_128.dat,parsed,128,896,896
gabls_data/res_3.125m/CSU/CSU_B9_128.dat,parsed,128,896,896
gabls_data/res_3.125m/CSU/CSU_C8_128.dat,parsed,128,1408,1408
gabls_data/res_3.125m/CSU/CSU_C9_128.dat,parsed,128,1408,1408
gabls_data/res_3.125m/CSU/CSU_D8_128.dat,parsed,128,896,896
gabls_data/res_3.125m/CSU/CSU_D9_128.dat,parsed,128,896,896
gabls_data/res_3.125m/CSU/CSU_E_128.dat,parsed,108,648,648
gabls_data/res_3.125m/IMUK/IMUK_A8_128.dat,parsed,130,520,520
gabls_data/res_3.125m/IMUK/IMUK_A9_128.dat,parsed,130,520,520
gabls_data/res_3.125m/IMUK/IMUK_B8_128.dat,parsed,130,910,910
gabls_data/res_3.125m/IMUK/IMUK_B9_128.dat,parsed,130,910,910
gabls_data/res_3.125m/IMUK/IMUK_C8_128.dat,parsed,130,1430,1430
gabls_data/res_3.125m/IMUK/IMUK_C9_128.dat,parsed,130,1430,1430
gabls_data/res_3.125m/IMUK/IMUK_D8_128.dat,parsed,130,910,910
gabls_data/res_3.125m/IMUK/IMUK_D9_128.dat,parsed,130,910,910
gabls_data/res_3.125m/IMUK/IMUK_E_128.dat,parsed,540,3240,3240
gabls_data/res_3.125m/LLNL/LLNL_A8_128.dat,parsed,128,512,512
gabls_data/res_3.125m/LLNL/LLNL_A9_128.dat,parsed,128,512,512
gabls_data/res_3.125m/LLNL/LLNL_B8_128.dat,parsed,128,896,896
gabls_data/res_3.125m/LLNL/LLNL_B9_128.dat,parsed,128,896,896
gabls_data/res_3.125m/LLNL/LLNL_C8_128.dat,parsed,128,1408,1408
gabls_data/res_3.125m/LLNL/LLNL_C9_128.dat,parsed,128,1408,1408
gabls_data/res_3.125m/LLNL/LLNL_D8_128.dat,parsed,128,896,896
gabls_data/res_3.125m/LLNL/LLNL_D9_128.dat,parsed,128,896,896
gabls_data/res_3.125m/LLNL/LLNL_E_128.dat,parsed,529,3174,3174
gabls_data/res_3.125m/NCAR/NCAR_A8_128.dat,parsed,128,512,512
gabls_data/res_3.125m/NCAR/NCAR_A9_128.dat,parsed,128,512,512
gabls_data/res_3.125m/NCAR/NCAR_B8_128.dat,parsed,128,896,896
gabls_data/res_3.125m/NCAR/NCAR_B9_128.dat,parsed,128,896,896
gabls_data/res_3.125m/NCAR/NCAR_C8_128.dat,parsed,127,1397,1397
gabls_data/res_3.125m/NCAR/NCAR_C9_128.dat,parsed,127,1397,1397
gabls_data/res_3.125m/NCAR/NCAR_D8_128.dat,parsed,126,882,882
gabls_data/res_3.125m/NCAR/NCAR_D9_128.dat,parsed,126,882,882
gabls_data/res_3.125m/NCAR/NCAR_E_128.dat,parsed,9000,54000,54000
gabls_data/res_3.125m/UIB/UIB_A8_128.dat,parsed,128,512,512
gabls_data/res_3.125m/UIB/UIB_A9_128.dat,parsed,128,512,512
gabls_data/res_3.125m/UIB/UIB_B8_128.dat,parsed,128,896,896
gabls_data/res_3.125m/UIB/UIB_B9_128.dat,parsed,128,896,896
gabls_data/res_3.125m/UIB/UIB_C8_128.dat,parsed,128,1408,1408
gabls_data/res_3.125m/UIB/UIB_C9_128.dat,parsed,128,1408,1408
gabls_data/res_3.125m/UIB/UIB_D8_128.dat,parsed,128,896,896
gabls_data/res_3.125m/UIB/UIB_D9_128.dat,parsed,128,896,896
gabls_data/res_3.125m/UIB/UIB_E_128.dat,parsed,540,3240,3240
gabls_data/res_3.125m/CORA/CORA_A8_128.dat,parsed,136,544,544
gabls_data/res_3.125m/CORA/CORA_A9_128.dat,parsed,136,544,544
gabls_data/res_3.125m/CORA/CORA_B8_128.dat,parsed,135,945,945
gabls_data/res_3.125m/CORA/CORA_B9_128.dat,parsed,135,945,945
gabls_data/res_3.125m/CORA/CORA_C8_128.dat,parsed,135,1485,1485
gabls_data/res_3.125m/CORA/CORA_C9_128.dat,parsed,135,1485,1485
gabls_data/res_3.125m/CORA/CORA_D8_128.dat,parsed,135,945,945
gabls_data/res_3.125m/CORA/CORA_D9_128.dat,parsed,135,945,945
gabls_data/res_3.125m/CORA/CORA_E_128.dat,parsed,1001,6006,6006
gabls_data/res_3.125m/NERSC/NERSC_A8_128.dat,parsed,128,512,512
gabls_data/res_3.125m/NERSC/NERSC_A9_128.dat,parsed,128,512,512
gabls_data/res_3.125m/NERSC/NERSC_B8_128.dat,parsed,128,896,896
gabls_data/res_3.125m/NERSC/NERSC_B9_128.dat,parsed,128,896,896
gabls_data/res_3.125m/NERSC/NERSC_C8_128.dat,parsed,128,1408,1408
gabls_data/res_3.125m/NERSC/NERSC_C9_128.dat,parsed,128,1408,1408
gabls_data/res_3.125m/NERSC/NERSC_D8_128.dat,parsed,128,896,896
gabls_data/res_3.125m/NERSC/NERSC_D9_128.dat,parsed,128,896,896
gabls_data/res_3.125m/NERSC/NERSC_E_128.dat,parsed,534,3204,3204
gabls_data/res_2m/MO/MO_A8_200.dat,parsed,167,668,668
gabls_data/res_2m/MO/MO_A9_200.dat,parsed,167,668,668
gabls_data/res_2m/MO/MO_B8_200.dat,parsed,167,1169,1169
gabls_data/res_2m/MO/MO_B9_200.dat,parsed,167,1169,1169
gabls_data/res_2m/MO/MO_C8_200.dat,parsed,167,1837,1837
gabls_data/res_2m/MO/MO_C9_200.dat,parsed,167,1837,1837
gabls_data/res_2m/MO/MO_D8_200.dat,parsed,167,1169,1169
gabls_data/res_2m/MO/MO_D9_200.dat,parsed,167,1169,1169
gabls_data/res_2m/MO/MO_E_200.dat,parsed,6481,38886,38886
gabls_data/res_2m/IMUK/IMUK_A8_200.dat,parsed,202,808,808
gabls_data/res_2m/IMUK/IMUK_A9_200.dat,parsed,202,808,808
gabls_data/res_2m/IMUK/IMUK_B8_200.dat,parsed,202,1414,1414
gabls_data/res_2m/IMUK/IMUK_B9_200.dat,parsed,202,1414,1414
gabls_data/res_2m/IMUK/IMUK_C8_200.dat,parsed,202,2222,2222
gabls_data/res_2m/IMUK/IMUK_C9_200.dat,parsed,202,2222,2222
gabls_data/res_2m/IMUK/IMUK_D8_200.dat,parsed,202,1414,1414
gabls_data/res_2m/IMUK/IMUK_D9_200.dat,parsed,202,1414,1414
gabls_data/res_2m/IMUK/IMUK_E_200.dat,parsed,540,3240,3240
gabls_data/res_2m/NCAR/NCAR_A8_200.dat,parsed,192,768,768
gabls_data/res_2m/NCAR/NCAR_A9_200.dat,parsed,192,768,768
gabls_data/res_2m/NCAR/NCAR_B8_200.dat,parsed,192,1344,1344
gabls_data/res_2m/NCAR/NCAR_B9_200.dat,parsed,192,1344,1344
gabls_data/res_2m/NCAR/NCAR_C8_200.dat,parsed,191,2101,2101
gabls_data/res_2m/NCAR/NCAR_C9_200.dat,parsed,191,2101,2101
gabls_data/res_2m/NCAR/NCAR_D8_200.dat,parsed,190,1330,1330
gabls_data/res_2m/NCAR/NCAR_D9_200.dat,parsed,190,1330,1330
gabls_data/res_2m/NCAR/NCAR_E_200.dat,parsed,2600,15600,15600
gabls_data/res_2m/CORA/CORA_A8_200.dat,parsed,216,864,864
gabls_data/res_2m/CORA/CORA_A9_200.dat,parsed,216,864,864
gabls_data/res_2m/CORA/CORA_B8_200.dat,parsed,215,1505,1505
gabls_data/res_2m/CORA/CORA_B9_200.dat,parsed,215,1505,1505
gabls_data/res_2m/CORA/CORA_C8_200.dat,parsed,215,2365,2365
gabls_data/res_2m/CORA/CORA_C9_200.dat,parsed,215,2365,2365
gabls_data/res_2m/CORA/CORA_D8_200.dat,parsed,215,1505,1505
gabls_data/res_2m/CORA/CORA_D9_200.dat,parsed,215,1505,1505
gabls_data/res_2m/CORA/CORA_E_200.dat,parsed,877,5262,5262
gabls_data/res_2m/UIB/UIB_A8_200.dat,parsed,200,800,800
gabls_data/res_2m/UIB/UIB_A9_200.dat,parsed,200,800,800
gabls_data/res_2m/UIB/UIB_B8_200.dat,parsed,200,1400,1400
gabls_data/res_2m/UIB/UIB_B9_200.dat,parsed,200,1400,1400
gabls_data/res_2m/UIB/UIB_C8_200.dat,parsed,200,2200,2200
gabls_data/res_2m/UIB/UIB_C9_200.dat,parsed,200,2200,2200
gabls_data/res_2m/UIB/UIB_D8_200.dat,parsed,200,1400,1400
gabls_data/res_2m/UIB/UIB_D9_200.dat,parsed,200,1400,1400
gabls_data/res_2m/UIB/UIB_E_200.dat,parsed,540,3240,3240
gabls_data/res_1m/MO/MO_A8_400.dat,parsed,333,1332,1332
gabls_data/res_1m/MO/MO_A9_400.dat,parsed,333,1332,1332
gabls_data/res_1m/MO/MO_B8_400.dat,parsed,333,2331,2331
gabls_data/res_1m/MO/MO_B9_400.dat,parsed,333,2331,2331
gabls_data/res_1m/MO/MO_C8_400.dat,parsed,333,3663,3663
gabls_data/res_1m/MO/MO_C9_400.dat,parsed,333,3663,3663
gabls_data/res_1m/MO/MO_D8_400.dat,parsed,333,2331,2331
gabls_data/res_1m/MO/MO_D9_400.dat,parsed,333,2331,2331
gabls_data/res_1m/MO/MO_E_400.dat,parsed,6481,38886,38886
gabls_data/res_1m/IMUK/IMUK_A8_400.dat,parsed,402,1608,1608
gabls_data/res_1m/IMUK/IMUK_A9_400.dat,parsed,402,1608,1608
gabls_data/res_1m/IMUK/IMUK_B8_400.dat,parsed,402,2814,2814
gabls_data/res_1m/IMUK/IMUK_B9_400.dat,parsed,402,2814,2814
gabls_data/res_1m/IMUK/IMUK_C8_400.dat,parsed,402,4422,4422
gabls_data/res_1m/IMUK/IMUK_C9_400.dat,parsed,402,4422,4422
gabls_data/res_1m/IMUK/IMUK_D8_400.dat,parsed,402,2814,2814
gabls_data/res_1m/IMUK/IMUK_D9_400.dat,parsed,402,2814,2814
gabls_data/res_1m/IMUK/IMUK_E_400.dat,parsed,540,3240,3240
gabls_data/res_12.5m_sgs/LLNL_NLD/LLNL_NLD_A8_32.dat,parsed,32,128,128
gabls_data/res_12.5m_sgs/LLNL_NLD/LLNL_NLD_A9_32.dat,parsed,32,128,128
gabls_data/res_12.5m_sgs/LLNL_NLD/LLNL_NLD_B8_32.dat,parsed,32,224,224
gabls_data/res_12.5m_sgs/LLNL_NLD/LLNL_NLD_B9_32.dat,parsed,32,224,224
gabls_data/res_12.5m_sgs/LLNL_NLD/LLNL_NLD_C8_32.dat,parsed,32,352,352
gabls_data/res_12.5m_sgs/LLNL_NLD/LLNL_NLD_C9_32.dat,parsed,32,352,352
gabls_data/res_12.5m_sgs/LLNL_NLD/LLNL_NLD_D8_32.dat,parsed,32,224,224
gabls_data/res_12.5m_sgs/LLNL_NLD/LLNL_NLD_D9_32.dat,parsed,32,224,224
gabls_data/res_12.5m_sgs/LLNL_NLD/LLNL_NLD_E_32.dat,parsed,927,5562,5562
gabls_data/res_12.5m_sgs/LLNL_NLSM/LLNL_NLSM_A8_32.dat,parsed,32,128,128
gabls_data/res_12.5m_sgs/LLNL_NLSM/LLNL_NLSM_A9_32.dat,parsed,32,128,128
gabls_data/res_12.5m_sgs/LLNL_NLSM/LLNL_NLSM_B8_32.dat,parsed,32,224,224
gabls_data/res_12.5m_sgs/LLNL_NLSM/LLNL_NLSM_B9_32.dat,parsed,32,224,224
gabls_data/res_12.5m_sgs/LLNL_NLSM/LLNL_NLSM_C8_32.dat,parsed,32,352,352
gabls_data/res_12.5m_sgs/LLNL_NLSM/LLNL_NLSM_C9_32.dat,parsed,32,352,352
gabls_data/res_12.5m_sgs/LLNL_NLSM/LLNL_NLSM_D8_32.dat,parsed,32,224,224
gabls_data/res_12.5m_sgs/LLNL_NLSM/LLNL_NLSM_D9_32.dat,parsed,32,224,224
gabls_data/res_12.5m_sgs/LLNL_NLSM/LLNL_NLSM_E_32.dat,parsed,927,5562,5562
gabls_data/res_12.5m_sgs/LLNL_SMAG/LLNL_SMAG_A8_32.dat,parsed,32,128,128
gabls_data/res_12.5m_sgs/LLNL_SMAG/LLNL_SMAG_A9_32.dat,parsed,32,128,128
gabls_data/res_12.5m_sgs/LLNL_SMAG/LLNL_SMAG_B8_32.dat,parsed,32,224,224
gabls_data/res_12.5m_sgs/LLNL_SMAG/LLNL_SMAG_B9_32.dat,parsed,32,224,224
gabls_data/res_12.5m_sgs/LLNL_SMAG/LLNL_SMAG_C8_32.dat,parsed,32,352,352
gabls_data/res_12.5m_sgs/LLNL_SMAG/LLNL_SMAG_C9_32.dat,parsed,32,352,352
gabls_data/res_12.5m_sgs/LLNL_SMAG/LLNL_SMAG_D8_32.dat,parsed,32,224,224
gabls_data/res_12.5m_sgs/LLNL_SMAG/LLNL_SMAG_D9_32.dat,parsed,32,224,224
gabls_data/res_12.5m_sgs/LLNL_SMAG/LLNL_SMAG_E_32.dat,parsed,927,5562,5562
gabls_data/res_6.25m_sgs/MO_BKSCT_0.15/MO_BKSCT_0.15_A8_64.dat,parsed,65,260,260
gabls_data/res_6.25m_sgs/MO_BKSCT_0.15/MO_BKSCT_0.15_A9_64.dat,parsed,65,260,260
gabls_data/res_6.25m_sgs/MO_BKSCT_0.15/MO_BKSCT_0.15_B8_64.dat,parsed,65,455,455
gabls_data/res_6.25m_sgs/MO_BKSCT_0.15/MO_BKSCT_0.15_B9_64.dat,parsed,65,455,455
gabls_data/res_6.25m_sgs/MO_BKSCT_0.15/MO_BKSCT_0.15_C8_64.dat,parsed,65,715,715
gabls_data/res_6.25m_sgs/MO_BKSCT_0.15/MO_BKSCT_0.15_C9_64.dat,parsed,65,715,715
gabls_data/res_6.25m_sgs/MO_BKSCT_0.15/MO_BKSCT_0.15_D8_64.dat,parsed,65,455,455
gabls_data/res_6.25m_sgs/MO_BKSCT_0.15/MO_BKSCT_0.15_D9_64.dat,parsed,65,455,455
gabls_data/res_6.25m_sgs/MO_BKSCT_0.15/MO_BKSCT_0.15_E_64.dat,parsed,6481,38886,38886
gabls_data/res_6.25m_sgs/MO_BKSCT_0.23/MO_BKSCT_0.23_A8_64.dat,parsed,81,324,324
gabls_data/res_6.25m_sgs/MO_BKSCT_0.23/MO_BKSCT_0.23_A9_64.dat,parsed,81,324,324
gabls_data/res_6.25m_sgs/MO_BKSCT_0.23/MO_BKSCT_0.23_B8_64.dat,parsed,81,567,567
gabls_data/res_6.25m_sgs/MO_BKSCT_0.23/MO_BKSCT_0.23_B9_64.dat,parsed,81,567,567
gabls_data/res_6.25m_sgs/MO_BKSCT_0.23/MO_BKSCT_0.23_C8_64.dat,parsed,81,891,891
gabls_data/res_6.25m_sgs/MO_BKSCT_0.23/MO_BKSCT_0.23_C9_64.dat,parsed,81,891,891
gabls_data/res_6.25m_sgs/MO_BKSCT_0.23/MO_BKSCT_0.23_D8_64.dat,parsed,81,567,567
gabls_data/res_6.25m_sgs/MO_BKSCT_0.23/MO_BKSCT_0.23_D9_64.dat,parsed,81,567,567
gabls_data/res_6.25m_sgs/MO_BKSCT_0.23/MO_BKSCT_0.23_E_64.dat,parsed,6481,38886,38886
gabls_data/res_6.25m_sgs/MO_SMAG_0.15/MO_SMAG_0.15_A8_64.dat,parsed,81,324,324
gabls_data/res_6.25m_sgs/MO_SMAG_0.15/MO_SMAG_0.15_A9_64.dat,parsed,81,324,324
gabls_data/res_6.25m_sgs/MO_SMAG_0.15/MO_SMAG_0.15_B8_64.dat,parsed,81,567,567
gabls_data/res_6.25m_sgs/MO_SMAG_0.15/MO_SMAG_0.15_B9_64.dat,parsed,81,567,567
gabls_data/res_6.25m_sgs/MO_SMAG_0.15/MO_SMAG_0.15_C8_64.dat,parsed,81,891,891
gabls_data/res_6.25m_sgs/MO_SMAG_0.15/MO_SMAG_0.15_C9_64.dat,parsed,81,891,891
gabls_data/res_6.25m_sgs/MO_SMAG_0.15/MO_SMAG_0.15_D8_64.dat,parsed,81,567,567
gabls_data/res_6.25m_sgs/MO_SMAG_0.15/MO_SMAG_0.15_D9_64.dat,parsed,81,567,567
gabls_data/res_6.25m_sgs/MO_SMAG_0.15/MO_SMAG_0.15_E_64.dat,parsed,3241,19446,19446
gabls_data/res_6.25m_sgs/LLNL_NLD/LLNL_NLD_A8_64.dat,parsed,64,256,256
gabls_data/res_6.25m_sgs/LLNL_NLD/LLNL_NLD_A9_64.dat,parsed,64,256,256
gabls_data/res_6.25m_sgs/LLNL_NLD/LLNL_NLD_B8_64.dat,parsed,64,448,448
gabls_data/res_6.25m_sgs/LLNL_NLD/LLNL_NLD_B9_64.dat,parsed,64,448,448
gabls_data/res_6.25m_sgs/LLNL_NLD/LLNL_NLD_C8_64.dat,parsed,64,704,704
gabls_data/res_6.25m_sgs/LLNL_NLD/LLNL_NLD_C9_64.dat,parsed,64,704,704
gabls_data/res_6.25m_sgs/LLNL_NLD/LLNL_NLD_D8_64.dat,parsed,64,448,448
gabls_data/res_6.25m_sgs/LLNL_NLD/LLNL_NLD_D9_64.dat,parsed,64,448,448
gabls_data/res_6.25m_sgs/LLNL_NLD/LLNL_NLD_E_64.dat,parsed,927,5562,5562
gabls_data/res_6.25m_sgs/LLNL_NLSM/LLNL_NLSM_A8_64.dat,parsed,64,256,256
gabls_data/res_6.25m_sgs/LLNL_NLSM/LLNL_NLSM_A9_64.dat,parsed,64,256,256
gabls_data/res_6.25m_sgs/LLNL_NLSM/LLNL_NLSM_B8_64.dat,parsed,64,448,448
gabls_data/res_6.25m_sgs/LLNL_NLSM/LLNL_NLSM_B9_64.dat,parsed,64,448,448
gabls_data/res_6.25m_sgs/LLNL_NLSM/LLNL_NLSM_C8_64.dat,parsed,64,704,704
gabls_data/res_6.25m_sgs/LLNL_NLSM/LLNL_NLSM_C9_64.dat,parsed,64,704,704
gabls_data/res_6.25m_sgs/LLNL_NLSM/LLNL_NLSM_D8_64.dat,parsed,64,448,448
gabls_data/res_6.25m_sgs/LLNL_NLSM/LLNL_NLSM_D9_64.dat,parsed,64,448,448
gabls_data/res_6.25m_sgs/LLNL_NLSM/LLNL_NLSM_E_64.dat,parsed,927,5562,5562
gabls_data/res_6.25m_sgs/LLNL_SMAG_0.2/LLNL_SMAG_0.2_A8_64.dat,parsed,64,256,256
gabls_data/res_6.25m_sgs/LLNL_SMAG_0.2/LLNL_SMAG_0.2_A9_64.dat,parsed,64,256,256
gabls_data/res_6.25m_sgs/LLNL_SMAG_0.2/LLNL_SMAG_0.2_B8_64.dat,parsed,64,448,448
gabls_data/res_6.25m_sgs/LLNL_SMAG_0.2/LLNL_SMAG_0.2_B9_64.dat,parsed,64,448,448
gabls_data/res_6.25m_sgs/LLNL_SMAG_0.2/LLNL_SMAG_0.2_C8_64.dat,parsed,64,704,704
gabls_data/res_6.25m_sgs/LLNL_SMAG_0.2/LLNL_SMAG_0.2_C9_64.dat,parsed,64,704,704
gabls_data/res_6.25m_sgs/LLNL_SMAG_0.2/LLNL_SMAG_0.2_D8_64.dat,parsed,64,448,448
gabls_data/res_6.25m_sgs/LLNL_SMAG_0.2/LLNL_SMAG_0.2_D9_64.dat,parsed,64,448,448
gabls_data/res_6.25m_sgs/LLNL_SMAG_0.2/LLNL_SMAG_0.2_E_64.dat,parsed,927,5562,5562
gabls_data/res_6.25m_sgs/NERSC_DSM/NERSC_DSM_A8_64.dat,parsed,64,256,256
gabls_data/res_6.25m_sgs/NERSC_DSM/NERSC_DSM_A9_64.dat,parsed,64,256,256
gabls_data/res_6.25m_sgs/NERSC_DSM/NERSC_DSM_B8_64.dat,parsed,64,448,448
gabls_data/res_6.25m_sgs/NERSC_DSM/NERSC_DSM_B9_64.dat,parsed,64,448,448
gabls_data/res_6.25m_sgs/NERSC_DSM/NERSC_DSM_C8_64.dat,parsed,64,704,704
gabls_data/res_6.25m_sgs/NERSC_DSM/NERSC_DSM_C9_64.dat,parsed,64,704,704
gabls_data/res_6.25m_sgs/NERSC_DSM/NERSC_DSM_D8_64.dat,parsed,64,448,448
gabls_data/res_6.25m_sgs/NERSC_DSM/NERSC_DSM_D9_64.dat,parsed,64,448,448
gabls_data/res_6.25m_sgs/NERSC_DSM/NERSC_DSM_E_64.dat,parsed,534,3204,3204
gabls_data/res_6.25m_sgs/NERSC_SM_0.1/NERSC_SM_0.1_A8_64.dat,parsed,64,256,256
gabls_data/res_6.25m_sgs/NERSC_SM_0.1/NERSC_SM_0.1_A9_64.dat,parsed,64,256,256
gabls_data/res_6.25m_sgs/NERSC_SM_0.1/NERSC_SM_0.1_B8_64.dat,parsed,64,448,448
gabls_data/res_6.25m_sgs/NERSC_SM_0.1/NERSC_SM_0.1_B9_64.dat,parsed,64,448,448
gabls_data/res_6.25m_sgs/NERSC_SM_0.1/NERSC_SM_0.1_C8_64.dat,parsed,64,704,704
gabls_data/res_6.25m_sgs/NERSC_SM_0.1/NERSC_SM_0.1_C9_64.dat,parsed,64,704,704
gabls_data/res_6.25m_sgs/NERSC_SM_0.1/NERSC_SM_0.1_D8_64.dat,parsed,64,448,448
gabls_data/res_6.25m_sgs/NERSC_SM_0.1/NERSC_SM_0.1_D9_64.dat,parsed,64,448,448
gabls_data/res_6.25m_sgs/NERSC_SM_0.1/NERSC_SM_0.1_E_64.dat,parsed,534,3204,3204
gabls_data/res_6.25m_sgs/NERSC_SM_0.14/NERSC_SM_0.14_A8_64.dat,parsed,64,256,256
gabls_data/res_6.25m_sgs/NERSC_SM_0.14/NERSC_SM_0.14_A9_64.dat,parsed,64,256,256
gabls_data/res_6.25m_sgs/NERSC_SM_0.14/NERSC_SM_0.14_B8_64.dat,parsed,64,448,448
gabls_data/res_6.25m_sgs/NERSC_SM_0.14/NERSC_SM_0.14_B9_64.dat,parsed,64,448,448
gabls_data/res_6.25m_sgs/NERSC_SM_0.14/NERSC_SM_0.14_C8_64.dat,parsed,64,704,704
gabls_data/res_6.25m_sgs/NERSC_SM_0.14/NERSC_SM_0.14_C9_64.dat,parsed,64,704,704
gabls_data/res_6.25m_sgs/NERSC_SM_0.14/NERSC_SM_0.14_D8_64.dat,parsed,64,448,448
gabls_data/res_6.25m_sgs/NERSC_SM_0.14/NERSC_SM_0.14_D9_64.dat,parsed,64,448,448
gabls_data/res_6.25m_sgs/NERSC_SM_0.14/NERSC_SM_0.14_E_64.dat,parsed,534,3204,3204
gabls_data/res_6.25m_sgs/NERSC_SM_0.23/NERSC_SM_0.23_A8_64.dat,parsed,64,256,256
gabls_data/res_6.25m_sgs/NERSC_SM_0.23/NERSC_SM_0.23_A9_64.dat,parsed,64,256,256
gabls_data/res_6.25m_sgs/NERSC_SM_0.23/NERSC_SM_0.23_B8_64.dat,parsed,64,448,448
gabls_data/res_6.25m_sgs/NERSC_SM_0.23/NERSC_SM_0.23_B9_64.dat,parsed,64,448,448
gabls_data/res_6.25m_sgs/NERSC_SM_0.23/NERSC_SM_0.23_C8_64.dat,parsed,64,704,704
gabls_data/res_6.25m_sgs/NERSC_SM_0.23/NERSC_SM_0.23_C9_64.dat,parsed,64,704,704
gabls_data/res_6.25m_sgs/NERSC_SM_0.23/NERSC_SM_0.23_D8_64.dat,parsed,64,448,448
gabls_data/res_6.25m_sgs/NERSC_SM_0.23/NERSC_SM_0.23_D9_64.dat,parsed,64,448,448
gabls_data/res_6.25m_sgs/NERSC_SM_0.23/NERSC_SM_0.23_E_64.dat,parsed,534,3204,3204
gabls_data/res_1m_sgs/MO_SMAG_0.23/MO_SMAG_0.23_A8_400.dat,parsed,333,1332,1332
gabls_data/res_1m_sgs/MO_SMAG_0.23/MO_SMAG_0.23_A9_400.dat,parsed,333,1332,1332
gabls_data/res_1m_sgs/MO_SMAG_0.23/MO_SMAG_0.23_B8_400.dat,parsed,333,2331,2331
gabls_data/res_1m_sgs/MO_SMAG_0.23/MO_SMAG_0.23_B9_400.dat,parsed,333,2331,2331
gabls_data/res_1m_sgs/MO_SMAG_0.23/MO_SMAG_0.23_C8_400.dat,parsed,333,3663,3663
gabls_data/res_1m_sgs/MO_SMAG_0.23/MO_SMAG_0.23_C9_400.dat,parsed,333,3663,3663
gabls_data/res_1m_sgs/MO_SMAG_0.23/MO_SMAG_0.23_D8_400.dat,parsed,333,2331,2331
gabls_data/res_1m_sgs/MO_SMAG_0.23/MO_SMAG_0.23_D9_400.dat,parsed,333,2331,2331
gabls_data/res_1m_sgs/MO_SMAG_0.23/MO_SMAG_0.23_E_400.dat,parsed,6481,38886,38886
gabls_data/res_1m_sgs/MO_BKSCT_0.23/MO_BKSCT_0.23_A8_400.dat,parsed,333,1332,1332
gabls_data/res_1m_sgs/MO_BKSCT_0.23/MO_BKSCT_0.23_A9_400.dat,parsed,333,1332,1332
gabls_data/res_1m_sgs/MO_BKSCT_0.23/MO_BKSCT_0.23_B8_400.dat,parsed,333,2331,2331
gabls_data/res_1m_sgs/MO_BKSCT_0.23/MO_BKSCT_0.23_B9_400.dat,parsed,333,2331,2331
gabls_data/res_1m_sgs/MO_BKSCT_0.23/MO_BKSCT_0.23_C8_400.dat,parsed,333,3663,3663
gabls_data/res_1m_sgs/MO_BKSCT_0.23/MO_BKSCT_0.23_C9_400.dat,parsed,333,3663,3663
gabls_data/res_1m_sgs/MO_BKSCT_0.23/MO_BKSCT_0.23_D8_400.dat,parsed,333,2331,2331
gabls_data/res_1m_sgs/MO_BKSCT_0.23/MO_BKSCT_0.23_D9_400.dat,parsed,333,2331,2331
gabls_data/res_1m_sgs/MO_BKSCT_0.23/MO_BKSCT_0.23_E_400.dat,parsed,6481,38886,38886
